,lcID,lcEta,lcPhi,lcX,lcY,lcZ,lcLayer,lcToTrack1,lcToTrack2,lcToTrack3
0,0.0,1.8893519639968872,2.3161890506744385,-67.59671020507812,73.23370361328125,322.1027526855469,1.0,1.0,-1.0,-1.0
1,1.0,1.6973823308944702,-0.8073623180389404,84.41390228271484,-88.20596313476562,322.1027526855469,1.0,0.0,-1.0,-1.0
2,2.0,1.6776658296585083,-0.792610764503479,87.53466033935547,-88.80655670166016,322.1027526855469,1.0,0.0,-1.0,-1.0
3,3.0,1.8223999738693237,2.368255138397217,-76.73536682128906,74.90636444091797,323.0472717285156,2.0,1.0,-1.0,-1.0
4,4.0,1.8881078958511353,2.3155033588409424,-67.83283996582031,73.59069061279297,323.0472717285156,2.0,1.0,-1.0,-1.0
5,5.0,1.8043248653411865,-0.801365852355957,76.04186248779297,-78.50990295410156,323.0472717285156,2.0,0.0,-1.0,-1.0
6,6.0,1.699963927268982,-0.8066771626472473,84.48848724365234,-88.16289520263672,323.0472717285156,2.0,0.0,-1.0,-1.0
7,7.0,1.6548638343811035,-0.8189311027526855,87.53466033935547,-93.61129760742188,323.0472717285156,2.0,0.0,-1.0,-1.0
8,8.0,1.6062058210372925,-0.7473419308662415,99.07746887207031,-91.80951690673828,323.0472717285156,2.0,0.0,-1.0,-1.0
9,9.0,1.605559229850769,-0.8035789728164673,93.8261947631836,-97.30143737792969,323.0472717285156,2.0,0.0,-1.0,-1.0
10,10.0,1.607253909111023,-0.7801173329353333,95.90670013427734,-94.89907836914062,323.0472717285156,2.0,0.0,-1.0,-1.0
11,11.0,1.879982352256775,2.459806442260742,-78.86587524414062,64.00910186767578,325.07275390625,3.0,1.0,-1.0,-1.0
12,12.0,1.9062823057174683,2.3355162143707275,-68.41331481933594,71.30281829833984,325.07275390625,3.0,1.0,-1.0,-1.0
13,13.0,1.886757731437683,2.3155672550201416,-68.35944366455078,74.15248107910156,325.07275390625,3.0,1.0,-1.0,-1.0
14,14.0,1.7158869504928589,-0.8556742072105408,79.2126235961914,-91.20893096923828,325.07275390625,3.0,0.0,-1.0,-1.0
15,15.0,1.705290675163269,-0.8428171277046204,81.29313659667969,-91.20893096923828,325.07275390625,3.0,0.0,-1.0,-1.0
16,16.0,1.7238290309906006,-0.8129774332046509,82.33338165283203,-87.00479125976562,325.07275390625,3.0,0.0,-1.0,-1.0
17,17.0,1.7002650499343872,-0.8055135011672974,85.09400177001953,-88.58815002441406,325.07275390625,3.0,0.0,-1.0,-1.0
18,18.0,1.8574514389038086,2.4427895545959473,-79.85613250732422,67.09867095947266,326.0173034667969,4.0,1.0,-1.0,-1.0
19,19.0,1.8315156698226929,2.3278584480285645,-73.61459350585938,77.90931701660156,326.0173034667969,4.0,1.0,-1.0,-1.0
20,20.0,1.8823267221450806,2.360647678375244,-72.17394256591797,71.53399658203125,326.0173034667969,4.0,1.0,-1.0,-1.0
21,21.0,1.8849736452102661,2.3138465881347656,-68.5579605102539,74.62508392333984,326.0173034667969,4.0,1.0,-1.0,-1.0
22,22.0,1.7219842672348022,-0.8752686381340027,77.13211822509766,-92.41011047363281,326.0173034667969,4.0,0.0,-1.0,-1.0
23,23.0,1.7425533533096313,-0.808877170085907,81.29313659667969,-85.20301818847656,326.0173034667969,4.0,0.0,-1.0,-1.0
24,24.0,1.688766360282898,-0.827340841293335,84.41390228271484,-91.80951690673828,326.0173034667969,4.0,0.0,-1.0,-1.0
25,25.0,1.7578424215316772,-0.7579005360603333,84.15117645263672,-79.64601135253906,326.0173034667969,4.0,0.0,-1.0,-1.0
26,26.0,1.6998844146728516,-0.8046337366104126,85.45415496826172,-88.80657196044922,326.0173034667969,4.0,0.0,-1.0,-1.0
27,27.0,1.6379621028900146,-0.5126886963844299,114.7812728881836,-64.60968780517578,326.0172424316406,4.0,0.0,-1.0,-1.0
28,28.0,1.6761573553085327,-0.7460524439811707,92.83592987060547,-85.80360412597656,326.0172424316406,4.0,0.0,-1.0,-1.0
29,29.0,1.649744987487793,-0.7643638253211975,93.8761978149414,-90.00775146484375,326.0172424316406,4.0,0.0,-1.0,-1.0
30,30.0,1.6692695617675781,-0.6984364986419678,97.53299713134766,-81.89057159423828,326.0172424316406,4.0,0.0,-1.0,-1.0
31,31.0,1.6638007164001465,-0.8626299500465393,83.32363891601562,-97.30143737792969,326.0172424316406,4.0,0.0,-1.0,-1.0
32,32.0,1.6119955778121948,-0.794973611831665,94.86643981933594,-96.70084381103516,326.0172424316406,4.0,0.0,-1.0,-1.0
33,33.0,1.5763522386550903,-0.7687960863113403,101.20797729492188,-97.90203857421875,326.0172424316406,4.0,0.0,-1.0,-1.0
34,34.0,1.8907312154769897,2.2829747200012207,-66.23281860351562,76.71841430664062,328.0427551269531,5.0,1.0,-1.0,-1.0
35,35.0,1.8072686195373535,2.3371760845184326,-76.73536682128906,79.71109008789062,328.0427551269531,5.0,1.0,-1.0,-1.0
36,36.0,1.877870798110962,2.3493547439575195,-72.14088439941406,73.13453674316406,328.0427551269531,5.0,1.0,-1.0,-1.0
37,37.0,1.887428879737854,2.3145430088043213,-68.85891723632812,74.84796905517578,328.0427551269531,5.0,1.0,-1.0,-1.0
38,38.0,1.6915597915649414,-0.8525800108909607,82.33338165283203,-94.2118911743164,328.0427551269531,5.0,0.0,-1.0,-1.0
39,39.0,1.699931263923645,-0.8051654696464539,85.9332275390625,-89.3995361328125,328.0427551269531,5.0,0.0,-1.0,-1.0
40,40.0,1.687591552734375,-0.7648526430130005,90.65542602539062,-87.00479125976562,328.0427551269531,5.0,0.0,-1.0,-1.0
41,41.0,1.6436213254928589,-0.7775282263755798,93.8761978149414,-92.41011047363281,328.0427551269531,5.0,0.0,-1.0,-1.0
42,42.0,1.660426378250122,-0.9021010398864746,80.202880859375,-101.50558471679688,328.0427551269531,5.0,0.0,-1.0,-1.0
43,43.0,1.658118724822998,-0.80738765001297,89.66517639160156,-93.69789123535156,328.0427551269531,5.0,0.0,-1.0,-1.0
44,44.0,1.5706590414047241,-0.7059926986694336,108.48976135253906,-92.49671173095703,328.0427551269531,5.0,0.0,-1.0,-1.0
45,45.0,1.8978419303894043,2.2869315147399902,-66.23281860351562,76.1075439453125,328.9872741699219,6.0,1.0,-1.0,-1.0
46,46.0,1.934943437576294,2.307283639907837,-65.19255828857422,71.90340423583984,328.9872741699219,6.0,1.0,-1.0,-1.0
47,47.0,1.8412531614303589,2.3624045848846436,-76.17192077636719,75.23168182373047,328.9872741699219,6.0,1.0,-1.0,-1.0
48,48.0,1.8634181022644043,2.3515219688415527,-73.6146011352539,74.30577087402344,328.9872741699219,6.0,1.0,-1.0,-1.0
49,49.0,1.8582671880722046,2.3324356079101562,-72.57434844970703,76.1075439453125,328.9872741699219,6.0,1.0,-1.0,-1.0
50,50.0,1.8425462245941162,2.3169283866882324,-72.57434844970703,78.50990295410156,328.9872741699219,6.0,1.0,-1.0,-1.0
51,51.0,1.8859913349151611,2.3145225048065186,-69.1596450805664,75.177978515625,328.9872741699219,6.0,1.0,-1.0,-1.0
52,52.0,1.8600364923477173,2.273547649383545,-67.84320831298828,80.09798431396484,328.9872741699219,6.0,1.0,-1.0,-1.0
53,53.0,1.8622541427612305,2.181356191635132,-60.041282653808594,85.80360412597656,328.9872741699219,6.0,1.0,-1.0,-1.0
54,54.0,1.7396894693374634,-0.7324949502944946,88.62492370605469,-79.71109008789062,328.9872741699219,6.0,0.0,-1.0,-1.0
55,55.0,1.690618634223938,-0.8338135480880737,84.41390228271484,-93.01069641113281,328.9872741699219,6.0,0.0,-1.0,-1.0
56,56.0,1.675268292427063,-0.8354719281196594,85.65693664550781,-94.6954116821289,328.9872741699219,6.0,0.0,-1.0,-1.0
57,57.0,1.700117588043213,-0.8039805293083191,86.26964569091797,-89.53691864013672,328.9872741699219,6.0,0.0,-1.0,-1.0
58,58.0,1.6999634504318237,-0.741635799407959,91.69568634033203,-84.0018310546875,328.9872741699219,6.0,0.0,-1.0,-1.0
59,59.0,1.6605374813079834,-0.7732555866241455,92.83592987060547,-90.60833740234375,328.9872741699219,6.0,0.0,-1.0,-1.0
60,60.0,1.681952714920044,-0.7370039224624634,93.8761978149414,-85.20301818847656,328.9872741699219,6.0,0.0,-1.0,-1.0
61,61.0,1.644002079963684,-0.7687606811523438,94.91645050048828,-91.80951690673828,328.9872741699219,6.0,0.0,-1.0,-1.0
62,62.0,1.5557563304901123,-0.6945282220840454,111.66051483154297,-93.01068878173828,328.9872741699219,6.0,0.0,-1.0,-1.0
63,63.0,1.6988285779953003,-0.8817403316497803,79.1626205444336,-96.10025787353516,328.9872741699219,6.0,0.0,-1.0,-1.0
64,64.0,1.6106550693511963,-0.8961955308914185,85.50415802001953,-106.9109115600586,328.9872741699219,6.0,0.0,-1.0,-1.0
65,65.0,1.6377226114273071,-0.8411566019058228,88.62492370605469,-99.10321807861328,328.9872741699219,6.0,0.0,-1.0,-1.0
66,66.0,1.6242762804031372,-0.8283286094665527,91.20339965820312,-99.3907241821289,328.9872741699219,6.0,0.0,-1.0,-1.0
67,67.0,1.5846835374832153,-0.7687960863113403,101.20797729492188,-97.90203857421875,328.9872741699219,6.0,0.0,-1.0,-1.0
68,68.0,1.9058277606964111,2.275219440460205,-65.19255828857422,76.70813751220703,331.0127258300781,7.0,1.0,-1.0,-1.0
69,69.0,1.8386375904083252,2.347278118133545,-75.69510650634766,77.05714416503906,331.0127258300781,7.0,1.0,-1.0,-1.0
70,70.0,1.8876137733459473,2.3154876232147217,-69.5401840209961,75.44535064697266,331.0127258300781,7.0,1.0,-1.0,-1.0
71,71.0,1.8546762466430664,2.282930850982666,-69.40357971191406,80.39827728271484,331.0127258300781,7.0,1.0,-1.0,-1.0
72,72.0,1.8731861114501953,2.2866742610931396,-68.36332702636719,78.59650421142578,331.0127258300781,7.0,1.0,-1.0,-1.0
73,73.0,1.8320226669311523,2.2504289150238037,-68.36332702636719,84.60242462158203,331.0127258300781,7.0,1.0,-1.0,-1.0
74,74.0,1.8836333751678467,2.2179603576660156,-62.12179183959961,82.2000503540039,331.0127258300781,7.0,1.0,-1.0,-1.0
75,75.0,1.8659590482711792,2.20415997505188,-62.12179183959961,84.60242462158203,331.0127258300781,7.0,1.0,-1.0,-1.0
76,76.0,1.7990713119506836,-0.5852186679840088,93.8761978149414,-62.207332611083984,331.0127258300781,7.0,0.0,-1.0,-1.0
77,77.0,1.693232774734497,-0.858851969242096,82.33338165283203,-95.4130630493164,331.0127258300781,7.0,0.0,-1.0,-1.0
78,78.0,1.706756353378296,-0.8462165594100952,82.33338165283203,-93.01069641113281,331.0127258300781,7.0,0.0,-1.0,-1.0
79,79.0,1.6831427812576294,-0.846487283706665,84.41390228271484,-95.4130630493164,331.0127258300781,7.0,0.0,-1.0,-1.0
80,80.0,1.7002698183059692,-0.8052788376808167,86.66963195800781,-90.18611145019531,331.0127258300781,7.0,0.0,-1.0,-1.0
81,81.0,1.714735984802246,-0.7442768812179565,90.59599304199219,-83.43555450439453,331.0127258300781,7.0,0.0,-1.0,-1.0
82,82.0,1.7158405780792236,-0.9044267535209656,76.04186248779297,-96.70084381103516,331.0127868652344,7.0,0.0,-1.0,-1.0
83,83.0,1.6354173421859741,-0.8794110417366028,85.50415802001953,-103.3073501586914,331.0127868652344,7.0,0.0,-1.0,-1.0
84,84.0,1.6546909809112549,-0.8619171380996704,85.50415802001953,-99.70380401611328,331.0127868652344,7.0,0.0,-1.0,-1.0
85,85.0,1.6603217124938965,-0.7971711754798889,91.22186279296875,-93.39546966552734,331.0127868652344,7.0,0.0,-1.0,-1.0
86,86.0,1.6267170906066895,-0.815593421459198,92.78594970703125,-98.56561279296875,331.0127868652344,7.0,0.0,-1.0,-1.0
87,87.0,1.97287118434906,2.320523500442505,-64.15230560302734,68.90045166015625,331.9572448730469,8.0,1.0,-1.0,-1.0
88,88.0,1.849242091178894,2.3443479537963867,-74.84522247314453,76.639892578125,331.9572448730469,8.0,1.0,-1.0,-1.0
89,89.0,1.8984249830245972,2.3650319576263428,-72.57434844970703,71.30281829833984,331.9572448730469,8.0,1.0,-1.0,-1.0
90,90.0,1.8879846334457397,2.3147895336151123,-69.65872192382812,75.6799087524414,331.9572448730469,8.0,1.0,-1.0,-1.0
91,91.0,1.7881245613098145,2.307795763015747,-76.78535461425781,84.60242462158203,331.9572448730469,8.0,1.0,-1.0,-1.0
92,92.0,1.8051127195358276,2.3117222785949707,-75.74510955810547,82.80065155029297,331.9572448730469,8.0,1.0,-1.0,-1.0
93,93.0,1.828675627708435,-0.5584500432014465,92.83592987060547,-58.00318908691406,331.9572448730469,8.0,0.0,-1.0,-1.0
94,94.0,1.7659653425216675,-0.838819682598114,78.17237091064453,-87.00479125976562,331.9572448730469,8.0,0.0,-1.0,-1.0
95,95.0,1.7778823375701904,-0.7772278785705566,82.33338165283203,-80.9988784790039,331.9572448730469,8.0,0.0,-1.0,-1.0
96,96.0,1.6996862888336182,-0.8060237765312195,86.90373229980469,-90.56464385986328,331.9572448730469,8.0,0.0,-1.0,-1.0
97,97.0,1.6717129945755005,-0.7827368974685669,91.69568634033203,-91.20893096923828,331.9572448730469,8.0,0.0,-1.0,-1.0
98,98.0,1.811678409576416,-0.9986763000488281,60.338035583496094,-93.69789123535156,331.9572448730469,8.0,0.0,-1.0,-1.0
99,99.0,1.6749284267425537,-0.7665860652923584,92.83592987060547,-89.40715026855469,331.957275390625,8.0,0.0,-1.0,-1.0
100,100.0,1.6869839429855347,-0.7529855966567993,92.83592987060547,-87.00479125976562,331.957275390625,8.0,0.0,-1.0,-1.0
101,101.0,1.7023792266845703,-0.7350941896438599,92.8359375,-83.93609619140625,331.957275390625,8.0,0.0,-1.0,-1.0
102,102.0,1.6616058349609375,-0.7467185258865356,95.95669555664062,-88.80655670166016,331.957275390625,8.0,0.0,-1.0,-1.0
103,103.0,1.6705032587051392,-0.7242419123649597,96.99695587158203,-85.80360412597656,331.957275390625,8.0,0.0,-1.0,-1.0
104,104.0,1.6818522214889526,-0.9241530895233154,77.08211517333984,-102.1061782836914,331.957275390625,8.0,0.0,-1.0,-1.0
105,105.0,1.6555266380310059,-0.8953553438186646,82.28339385986328,-102.7067642211914,331.957275390625,8.0,0.0,-1.0,-1.0
106,106.0,1.6557374000549316,-0.8529438972473145,86.5444107055664,-99.10321807861328,331.957275390625,8.0,0.0,-1.0,-1.0
107,107.0,1.640606164932251,-0.8147779107093811,91.74568176269531,-97.30143737792969,331.957275390625,8.0,0.0,-1.0,-1.0
108,108.0,1.6527478694915771,-0.802291750907898,91.74568176269531,-94.89907836914062,331.957275390625,8.0,0.0,-1.0,-1.0
109,109.0,1.9208687543869019,2.2948179244995117,-66.23281860351562,74.90636444091797,333.9827575683594,9.0,1.0,-1.0,-1.0
110,110.0,1.9602489471435547,2.2460758686065674,-59.99128341674805,74.90636444091797,333.9827575683594,9.0,1.0,-1.0,-1.0
111,111.0,2.0090878009796143,2.2008869647979736,-53.749755859375,73.7051773071289,333.9827575683594,9.0,1.0,-1.0,-1.0
112,112.0,1.800882339477539,2.391542673110962,-82.97689819335938,77.30873107910156,333.9827575683594,9.0,1.0,-1.0,-1.0
113,113.0,1.8065787553787231,2.371164321899414,-80.89637756347656,78.50990295410156,333.9827575683594,9.0,1.0,-1.0,-1.0
114,114.0,1.9089627265930176,2.3849294185638428,-73.61459350585938,69.50102996826172,333.9827575683594,9.0,1.0,-1.0,-1.0
115,115.0,1.8855782747268677,2.359670400619507,-73.61459350585938,73.1045913696289,333.9827575683594,9.0,1.0,-1.0,-1.0
116,116.0,1.8874963521957397,2.315098285675049,-70.14311981201172,76.15895080566406,333.9827575683594,9.0,1.0,-1.0,-1.0
117,117.0,1.8570668697357178,2.260995864868164,-68.0591812133789,82.4288558959961,333.9827575683594,9.0,1.0,-1.0,-1.0
118,118.0,1.7608222961425781,2.3003480434417725,-78.86587524414062,88.20596313476562,333.9827575683594,9.0,1.0,-1.0,-1.0
119,119.0,1.7394520044326782,-0.8459315299987793,80.25287628173828,-90.60833740234375,333.9827575683594,9.0,0.0,-1.0,-1.0
120,120.0,1.7007172107696533,-0.8042821288108826,87.49608612060547,-90.86463928222656,333.9827575683594,9.0,0.0,-1.0,-1.0
121,121.0,1.7229561805725098,-0.7437451481819153,90.65542602539062,-83.4012451171875,333.9827575683594,9.0,0.0,-1.0,-1.0
122,122.0,1.691714882850647,-0.765036940574646,91.87419128417969,-88.20701599121094,333.9827575683594,9.0,0.0,-1.0,-1.0
123,123.0,1.6729905605316162,-0.7749902606010437,92.8359375,-90.9233169555664,333.9827575683594,9.0,0.0,-1.0,-1.0
124,124.0,1.6521227359771729,-0.7752575874328613,94.91645050048828,-93.01069641113281,333.9827575683594,9.0,0.0,-1.0,-1.0
125,125.0,1.6360058784484863,-0.7708336114883423,96.99695587158203,-94.2118911743164,333.9827575683594,9.0,0.0,-1.0,-1.0
126,126.0,1.6507420539855957,-0.7427244186401367,98.0372085571289,-90.00775146484375,333.9827575683594,9.0,0.0,-1.0,-1.0
127,127.0,1.7547781467437744,-0.8894702792167664,75.00160217285156,-92.49671173095703,333.9827575683594,9.0,0.0,-1.0,-1.0
128,128.0,1.6069563627243042,-0.8729047179222107,89.66517639160156,-106.9109115600586,333.9827575683594,9.0,0.0,-1.0,-1.0
129,129.0,1.6561585664749146,-0.8262183666229248,89.66517639160156,-97.30143737792969,333.9827575683594,9.0,0.0,-1.0,-1.0
130,130.0,1.6604210138320923,-0.8111396431922913,90.7054214477539,-95.49967193603516,333.9827575683594,9.0,0.0,-1.0,-1.0
131,131.0,1.6263329982757568,-0.8243160247802734,92.78594207763672,-100.30439758300781,333.9827575683594,9.0,0.0,-1.0,-1.0
132,132.0,1.6463309526443481,-0.8039490580558777,92.78594970703125,-96.29395294189453,333.9827575683594,9.0,0.0,-1.0,-1.0
133,133.0,1.6343259811401367,-0.794973611831665,94.86643981933594,-96.70084381103516,333.9827575683594,9.0,0.0,-1.0,-1.0
134,134.0,1.591825008392334,-0.7443668246269226,104.32874298095703,-96.10025787353516,333.9827575683594,9.0,0.0,-1.0,-1.0
135,135.0,2.0177860260009766,2.357701539993286,-64.20230865478516,64.00910186767578,334.92724609375,10.0,1.0,-1.0,-1.0
136,136.0,1.9575941562652588,2.3124783039093018,-65.19256591796875,71.15705108642578,334.92724609375,10.0,1.0,-1.0,-1.0
137,137.0,1.956871747970581,2.2829678058624268,-63.11204528808594,73.1045913696289,334.92724609375,10.0,1.0,-1.0,-1.0
138,138.0,2.0545287132263184,2.2963175773620605,-57.91077423095703,65.2968978881836,334.92724609375,10.0,1.0,-1.0,-1.0
139,139.0,1.8269693851470947,2.3371760845184326,-76.73536682128906,79.71109008789062,334.92724609375,10.0,1.0,-1.0,-1.0
140,140.0,1.8853214979171753,2.370809316635132,-74.65485382080078,72.50399017333984,334.92724609375,10.0,1.0,-1.0,-1.0
141,141.0,1.9253664016723633,2.3600075244903564,-70.83920288085938,70.301025390625,334.92724609375,10.0,1.0,-1.0,-1.0
142,142.0,1.8867597579956055,2.3154056072235107,-70.41922760009766,76.41162872314453,334.92724609375,10.0,1.0,-1.0,-1.0
143,143.0,1.950074553489685,2.1685612201690674,-54.74000930786133,80.39827728271484,334.92724609375,10.0,1.0,-1.0,-1.0
144,144.0,1.8557482957839966,2.2866103649139404,-70.44383239746094,80.9988784790039,334.92724609375,10.0,1.0,-1.0,-1.0
145,145.0,1.8334439992904663,2.254356861114502,-69.40357971191406,85.20301818847656,334.92724609375,10.0,1.0,-1.0,-1.0
146,146.0,1.8979121446609497,2.2653892040252686,-65.73920440673828,78.91036987304688,334.92724609375,10.0,1.0,-1.0,-1.0
147,147.0,1.7722986936569214,-0.7270012497901917,87.58465576171875,-77.90931701660156,334.92724609375,10.0,0.0,-1.0,-1.0
148,148.0,1.7671669721603394,-0.8456311225891113,78.17237091064453,-88.20596313476562,334.92724609375,10.0,0.0,-1.0,-1.0
149,149.0,1.7251290082931519,-0.8488501310348511,81.44679260253906,-92.49882507324219,334.92724609375,10.0,0.0,-1.0,-1.0
150,150.0,1.731380820274353,-0.8332099318504333,82.33338165283203,-90.60833740234375,334.92724609375,10.0,0.0,-1.0,-1.0
151,151.0,1.69904625415802,-0.8497269153594971,83.66266632080078,-95.18351745605469,334.92724609375,10.0,0.0,-1.0,-1.0
152,152.0,1.7395985126495361,-0.8150011897087097,83.23838806152344,-88.31847381591797,334.92724609375,10.0,0.0,-1.0,-1.0
153,153.0,1.6996713876724243,-0.8057272434234619,87.70974731445312,-91.35037994384766,334.92724609375,10.0,0.0,-1.0,-1.0
154,154.0,1.737290620803833,-0.7553235292434692,88.57492065429688,-83.4012451171875,334.92724609375,10.0,0.0,-1.0,-1.0
155,155.0,1.7013404369354248,-0.7460524439811707,92.83592987060547,-85.80360412597656,334.9272766113281,10.0,0.0,-1.0,-1.0
156,156.0,1.6771745681762695,-0.744925856590271,95.36827850341797,-87.94510650634766,334.9272766113281,10.0,0.0,-1.0,-1.0
157,157.0,1.5395411252975464,-0.6257504224777222,122.0630874633789,-88.20597839355469,334.9272766113281,10.0,0.0,-1.0,-1.0
158,158.0,1.685231328010559,-0.8870689272880554,81.24313354492188,-99.70380401611328,334.9272766113281,10.0,0.0,-1.0,-1.0
159,159.0,1.678587555885315,-0.8498433828353882,85.50415802001953,-97.30143737792969,334.9272766113281,10.0,0.0,-1.0,-1.0
160,160.0,1.6263281106948853,-0.8473693132400513,90.7054214477539,-102.7067642211914,334.9272766113281,10.0,0.0,-1.0,-1.0
161,161.0,1.6385186910629272,-0.8356097340583801,90.7054214477539,-100.30439758300781,334.9272766113281,10.0,0.0,-1.0,-1.0
162,162.0,1.5982255935668945,-0.783576488494873,100.06771850585938,-99.70380401611328,334.9272766113281,10.0,0.0,-1.0,-1.0
163,163.0,1.5543491840362549,-0.9124488234519958,90.65542602539062,-117.20758056640625,334.9272766113281,10.0,0.0,-1.0,-1.0
164,164.0,1.9553319215774536,2.319348096847534,-66.23281860351562,71.30281829833984,336.9527587890625,11.0,1.0,-1.0,-1.0
165,165.0,1.8544667959213257,2.346151113510132,-75.69510650634766,77.23104858398438,336.9527587890625,11.0,1.0,-1.0,-1.0
166,166.0,1.835126280784607,2.326610803604126,-75.69510650634766,80.31169128417969,336.9527587890625,11.0,1.0,-1.0,-1.0
167,167.0,1.8873926401138306,2.315669059753418,-70.81841278076172,76.80414581298828,336.9527587890625,11.0,1.0,-1.0,-1.0
168,168.0,1.8295809030532837,2.3077950477600098,-74.6048583984375,82.2000503540039,336.9527587890625,11.0,1.0,-1.0,-1.0
169,169.0,1.804330825805664,2.2485432624816895,-71.48409271240234,88.80655670166016,336.9527587890625,11.0,1.0,-1.0,-1.0
170,170.0,1.8553460836410522,2.2684004306793213,-69.40357971191406,82.80065155029297,336.9527587890625,11.0,1.0,-1.0,-1.0
171,171.0,1.885641098022461,2.2566072940826416,-66.2828140258789,80.9988784790039,336.9527587890625,11.0,1.0,-1.0,-1.0
172,172.0,1.90457284450531,2.2598817348480225,-65.24256134033203,79.19710540771484,336.9527587890625,11.0,1.0,-1.0,-1.0
173,173.0,1.8576050996780396,2.173290252685547,-61.081539154052734,88.80655670166016,336.9527587890625,11.0,1.0,-1.0,-1.0
174,174.0,1.8495897054672241,2.156010389328003,-60.041282653808594,90.60833740234375,336.9527587890625,11.0,1.0,-1.0,-1.0
175,175.0,1.8218450546264648,-0.7850688099861145,79.16262817382812,-79.1104965209961,336.9527587890625,11.0,0.0,-1.0,-1.0
176,176.0,1.7617580890655518,-0.8509290218353271,78.62358093261719,-89.66766357421875,336.9527587890625,11.0,0.0,-1.0,-1.0
177,177.0,1.7007783651351929,-0.8055211305618286,88.15473937988281,-91.77596282958984,336.9527587890625,11.0,0.0,-1.0,-1.0
178,178.0,1.7010389566421509,-0.7408410310745239,93.8761978149414,-85.86225891113281,336.9527587890625,11.0,0.0,-1.0,-1.0
179,179.0,1.6780197620391846,-0.7555177807807922,94.91645050048828,-89.40715026855469,336.9527587890625,11.0,0.0,-1.0,-1.0
180,180.0,1.6557095050811768,-0.7579301595687866,96.99695587158203,-91.80951690673828,336.9527587890625,11.0,0.0,-1.0,-1.0
181,181.0,1.629260540008545,-0.7434629797935486,101.15797424316406,-93.01069641113281,336.9527587890625,11.0,0.0,-1.0,-1.0
182,182.0,1.6773871183395386,-0.6580250263214111,103.23848724365234,-79.79769134521484,336.9527587890625,11.0,0.0,-1.0,-1.0
183,183.0,1.5950039625167847,-0.6830172538757324,110.62027740478516,-90.00772857666016,336.9527587890625,11.0,0.0,-1.0,-1.0
184,184.0,1.7276438474655151,-0.9296634793281555,73.96134185791016,-99.10321807861328,336.9527587890625,11.0,0.0,-1.0,-1.0
185,185.0,1.678612232208252,-0.9078157544136047,80.202880859375,-102.7067642211914,336.9527587890625,11.0,0.0,-1.0,-1.0
186,186.0,1.679315447807312,-0.8649789094924927,84.46389770507812,-99.10321807861328,336.9527587890625,11.0,0.0,-1.0,-1.0
187,187.0,1.6378291845321655,-0.8819629549980164,86.5444107055664,-105.109130859375,336.9527587890625,11.0,0.0,-1.0,-1.0
188,188.0,1.6599403619766235,-0.8411566019058228,88.62492370605469,-99.10321807861328,336.9527587890625,11.0,0.0,-1.0,-1.0
189,189.0,1.6346449851989746,-0.7926168441772461,95.90670013427734,-97.30143737792969,336.9527587890625,11.0,0.0,-1.0,-1.0
190,190.0,1.6462615728378296,-0.7801173329353333,95.90670013427734,-94.89907836914062,336.9527587890625,11.0,0.0,-1.0,-1.0
191,191.0,1.9331355094909668,2.2890942096710205,-65.7276611328125,75.19802856445312,337.8972473144531,12.0,1.0,-1.0,-1.0
192,192.0,1.9809587001800537,2.3119094371795654,-64.15229797363281,70.10163116455078,337.8972473144531,12.0,1.0,-1.0,-1.0
193,193.0,1.876907467842102,2.395406484603882,-77.77561950683594,71.90340423583984,337.8972473144531,12.0,1.0,-1.0,-1.0
194,194.0,1.874718189239502,2.3506908416748047,-74.65484619140625,75.48114776611328,337.8972473144531,12.0,1.0,-1.0,-1.0
195,195.0,1.8864917755126953,2.3146464824676514,-71.00505828857422,77.16476440429688,337.8972473144531,12.0,1.0,-1.0,-1.0
196,196.0,1.94504714012146,2.3459715843200684,-69.03373718261719,70.45982360839844,337.8972473144531,12.0,1.0,-1.0,-1.0
197,197.0,1.8499099016189575,2.2613189220428467,-69.40357971191406,84.0018310546875,337.8972473144531,12.0,1.0,-1.0,-1.0
198,198.0,1.900316596031189,2.2713003158569336,-66.62382507324219,79.01773071289062,337.8972473144531,12.0,1.0,-1.0,-1.0
199,199.0,1.7618728876113892,-0.7229427099227905,89.66517639160156,-79.11048889160156,337.8972473144531,12.0,0.0,-1.0,-1.0
200,200.0,1.7295149564743042,-0.865238606929779,80.25287628173828,-94.2118911743164,337.8972473144531,12.0,0.0,-1.0,-1.0
201,201.0,1.7554298639297485,-0.8295401334762573,81.29313659667969,-88.80655670166016,337.8972473144531,12.0,0.0,-1.0,-1.0
202,202.0,1.760217547416687,-0.8129774332046509,82.33338165283203,-87.00479125976562,337.8972473144531,12.0,0.0,-1.0,-1.0
203,203.0,1.7739672660827637,-0.7989896535873413,82.33338165283203,-84.60242462158203,337.8972473144531,12.0,0.0,-1.0,-1.0
204,204.0,1.7242013216018677,-0.8367596864700317,83.37364196777344,-92.41011047363281,337.8972473144531,12.0,0.0,-1.0,-1.0
205,205.0,1.7623687982559204,-0.7865135669708252,84.41390228271484,-84.60242462158203,337.8972473144531,12.0,0.0,-1.0,-1.0
206,206.0,1.7757933139801025,-0.7721116542816162,84.41390228271484,-82.2000503540039,337.8972473144531,12.0,0.0,-1.0,-1.0
207,207.0,1.699442744255066,-0.8060519695281982,88.47920989990234,-92.21170043945312,337.8972473144531,12.0,0.0,-1.0,-1.0
208,208.0,1.7154271602630615,-0.7765788435935974,89.61517333984375,-88.04826354980469,337.8972473144531,12.0,0.0,-1.0,-1.0
209,209.0,1.7337288856506348,-0.7563238143920898,89.61518096923828,-84.55001831054688,337.8972473144531,12.0,0.0,-1.0,-1.0
210,210.0,1.6928496360778809,-0.8607915043830872,83.89111328125,-97.60034942626953,337.8973083496094,12.0,0.0,-1.0,-1.0
211,211.0,1.6688628196716309,-0.8767799735069275,84.46389770507812,-101.50558471679688,337.8973083496094,12.0,0.0,-1.0,-1.0
212,212.0,1.6658453941345215,-0.8589078187942505,86.5444107055664,-100.30439758300781,337.8973083496094,12.0,0.0,-1.0,-1.0
213,213.0,1.6786607503890991,-0.8468973636627197,86.5444107055664,-97.90203857421875,337.8973083496094,12.0,0.0,-1.0,-1.0
214,214.0,1.6484087705612183,-0.8443098068237305,89.66517639160156,-100.90498352050781,337.8973083496094,12.0,0.0,-1.0,-1.0
215,215.0,1.6607903242111206,-0.8323294520378113,89.66517639160156,-98.50262451171875,337.8973083496094,12.0,0.0,-1.0,-1.0
216,216.0,1.6388962268829346,-0.8329059481620789,91.74568176269531,-100.90498352050781,337.8973083496094,12.0,0.0,-1.0,-1.0
217,217.0,1.6192320585250854,-0.8418827652931213,92.78594207763672,-103.90795135498047,337.8973083496094,12.0,0.0,-1.0,-1.0
218,218.0,1.6520295143127441,-0.7929050326347351,94.36290740966797,-95.79039001464844,337.8973083496094,12.0,0.0,-1.0,-1.0
219,219.0,1.6236839294433594,-0.7963961958885193,96.94696044921875,-99.10321807861328,337.8973083496094,12.0,0.0,-1.0,-1.0
220,220.0,1.60636568069458,-0.783576488494873,100.06771850585938,-99.70380401611328,337.8973083496094,12.0,0.0,-1.0,-1.0
221,221.0,1.627193570137024,-0.950752317905426,80.25287628173828,-112.4028549194336,337.8973083496094,12.0,0.0,-1.0,-1.0
222,222.0,1.9369319677352905,2.4784464836120605,-78.86587524414062,61.60674285888672,339.9227600097656,13.0,1.0,-1.0,-1.0
223,223.0,1.989270567893982,2.2995336055755615,-63.11204528808594,70.70221710205078,339.9227600097656,13.0,1.0,-1.0,-1.0
224,224.0,1.8783082962036133,2.3763339519500732,-76.73536682128906,73.7051773071289,339.9227600097656,13.0,1.0,-1.0,-1.0
225,225.0,1.8885087966918945,2.3150925636291504,-71.31456756591797,77.4317626953125,339.9227600097656,13.0,1.0,-1.0,-1.0
226,226.0,1.925562858581543,2.3477377891540527,-71.0003890991211,72.21153259277344,339.9227600097656,13.0,1.0,-1.0,-1.0
227,227.0,1.815150499343872,2.2864935398101807,-74.6048583984375,85.80360412597656,339.9227600097656,13.0,1.0,-1.0,-1.0
228,228.0,1.8786401748657227,2.2311551570892334,-65.24256134033203,84.0018310546875,339.9227600097656,13.0,1.0,-1.0,-1.0
229,229.0,1.8133740425109863,2.335496664047241,-78.86587524414062,82.2000503540039,339.9227600097656,13.0,1.0,-1.0,-1.0
230,230.0,1.7437610626220703,-0.8685203194618225,79.2126235961914,-93.61129760742188,339.9227600097656,13.0,0.0,-1.0,-1.0
231,231.0,1.8195714950561523,-0.7825541496276855,80.25287628173828,-79.79769134521484,339.9227600097656,13.0,0.0,-1.0,-1.0
232,232.0,1.7865033149719238,-0.7918412685394287,82.33338928222656,-83.4012451171875,339.9227600097656,13.0,0.0,-1.0,-1.0
233,233.0,1.7478998899459839,-0.8073623180389404,84.41390228271484,-88.20596313476562,339.9227600097656,13.0,0.0,-1.0,-1.0
234,234.0,1.7010819911956787,-0.8049978017807007,88.95132446289062,-92.5083236694336,339.9227600097656,13.0,0.0,-1.0,-1.0
235,235.0,1.6970129013061523,-0.7578964233398438,93.61473846435547,-88.60218811035156,339.9227600097656,13.0,0.0,-1.0,-1.0
236,236.0,1.6761974096298218,-0.9461190104484558,77.08211517333984,-106.9109115600586,339.9227600097656,13.0,0.0,-1.0,-1.0
237,237.0,1.7194788455963135,-0.8689790368080139,81.24313354492188,-96.10025787353516,339.9227600097656,13.0,0.0,-1.0,-1.0
238,238.0,1.7027816772460938,-0.8626299500465393,83.32363891601562,-97.30143737792969,339.9227600097656,13.0,0.0,-1.0,-1.0
239,239.0,1.6803045272827148,-0.8670267462730408,84.91339111328125,-100.04489135742188,339.9227600097656,13.0,0.0,-1.0,-1.0
240,240.0,1.6333664655685425,-0.8930272459983826,86.5444107055664,-107.5114974975586,339.9227600097656,13.0,0.0,-1.0,-1.0
241,241.0,1.6902780532836914,-0.8397214412689209,86.68212127685547,-96.65119934082031,339.9227600097656,13.0,0.0,-1.0,-1.0
242,242.0,1.6493592262268066,-0.8588647842407227,88.62492370605469,-102.7067642211914,339.9227600097656,13.0,0.0,-1.0,-1.0
243,243.0,1.6444405317306519,-0.8329059481620789,91.74568176269531,-100.90498352050781,339.9227600097656,13.0,0.0,-1.0,-1.0
244,244.0,1.6636420488357544,-0.7810059189796448,94.8762435913086,-94.04644775390625,339.9227600097656,13.0,0.0,-1.0,-1.0
245,245.0,1.6380850076675415,-0.7735657691955566,98.23917388916016,-95.94144439697266,339.9227600097656,13.0,0.0,-1.0,-1.0
246,246.0,1.6229747533798218,-0.7713832855224609,100.06771850585938,-97.30143737792969,339.9227600097656,13.0,0.0,-1.0,-1.0
247,247.0,2.2225160598754883,2.539914846420288,-61.60945510864258,42.301212310791016,340.86724853515625,14.0,1.0,-1.0,-1.0
248,248.0,1.9737744331359863,2.2829678058624268,-63.11204528808594,73.1045913696289,340.8672180175781,14.0,1.0,-1.0,-1.0
249,249.0,2.002566337585449,2.2367618083953857,-57.91077423095703,73.7051773071289,340.8672180175781,14.0,1.0,-1.0,-1.0
250,250.0,1.8803553581237793,2.4009242057800293,-78.57388305664062,71.84137725830078,340.8672180175781,14.0,1.0,-1.0,-1.0
251,251.0,1.8338067531585693,2.340153694152832,-77.77561950683594,80.31169128417969,340.8672180175781,14.0,1.0,-1.0,-1.0
252,252.0,1.905080795288086,2.359670400619507,-73.61459350585938,73.1045913696289,340.8672180175781,14.0,1.0,-1.0,-1.0
253,253.0,1.8868718147277832,2.314154624938965,-71.56239318847656,77.84724426269531,340.8672180175781,14.0,1.0,-1.0,-1.0
254,254.0,1.8325482606887817,2.251396656036377,-70.44383239746094,87.00479125976562,340.8672180175781,14.0,1.0,-1.0,-1.0
255,255.0,1.9057132005691528,2.2744123935699463,-67.07764434814453,79.05541229248047,340.8672180175781,14.0,1.0,-1.0,-1.0
256,256.0,1.8380826711654663,2.2087442874908447,-66.2828140258789,89.40715026855469,340.8672180175781,14.0,1.0,-1.0,-1.0
257,257.0,1.9244285821914673,2.1899070739746094,-59.00102996826172,82.80065155029297,340.8672180175781,14.0,1.0,-1.0,-1.0
258,258.0,1.7711137533187866,-0.8688248991966248,77.13211822509766,-91.20893096923828,340.8672180175781,14.0,0.0,-1.0,-1.0
259,259.0,1.7355231046676636,-0.8337681889533997,83.37364959716797,-91.85614013671875,340.8672180175781,14.0,0.0,-1.0,-1.0
260,260.0,1.731103539466858,-0.8153295516967773,85.45416259765625,-90.7291488647461,340.8672180175781,14.0,0.0,-1.0,-1.0
261,261.0,1.738736629486084,-0.7923797965049744,86.80564880371094,-88.02628326416016,340.8672180175781,14.0,0.0,-1.0,-1.0
262,262.0,1.7008923292160034,-0.8050223588943481,89.21428680419922,-92.78636169433594,340.8672180175781,14.0,0.0,-1.0,-1.0
263,263.0,1.7192827463150024,-0.7695037722587585,90.65543365478516,-87.8184585571289,340.8672180175781,14.0,0.0,-1.0,-1.0
264,264.0,1.7393460273742676,-0.7344667911529541,91.69568634033203,-82.80065155029297,340.8672180175781,14.0,0.0,-1.0,-1.0
265,265.0,1.7178055047988892,-0.7460524439811707,92.83592987060547,-85.80360412597656,340.8672790527344,14.0,0.0,-1.0,-1.0
266,266.0,1.6848983764648438,-0.748330295085907,95.95671081542969,-89.09412384033203,340.8672790527344,14.0,0.0,-1.0,-1.0
267,267.0,1.6820125579833984,-0.8619171380996704,85.50415802001953,-99.70380401611328,340.8672790527344,14.0,0.0,-1.0,-1.0
268,268.0,1.6655102968215942,-0.8511133193969727,88.12284851074219,-100.53865051269531,340.8672790527344,14.0,0.0,-1.0,-1.0
269,269.0,1.6519368886947632,-0.8588647842407227,88.62492370605469,-102.7067642211914,340.8672790527344,14.0,0.0,-1.0,-1.0
270,270.0,1.6612353324890137,-0.797370970249176,93.8261947631836,-96.10025787353516,340.8672790527344,14.0,0.0,-1.0,-1.0
271,271.0,1.6332980394363403,-0.7735117077827454,99.02747344970703,-96.70084381103516,340.8672790527344,14.0,0.0,-1.0,-1.0
272,272.0,1.6173839569091797,-0.7687960863113403,101.20797729492188,-97.90203857421875,340.8672790527344,14.0,0.0,-1.0,-1.0
273,273.0,1.6059353351593018,-0.7059926986694336,108.48976135253906,-92.49671173095703,340.8672790527344,14.0,0.0,-1.0,-1.0
274,274.0,2.2018566131591797,2.532944440841675,-62.996463775634766,43.90278625488281,342.89276123046875,15.0,1.0,-1.0,-1.0
275,275.0,2.1459567546844482,2.3189098834991455,-55.31792449951172,59.604766845703125,342.89276123046875,15.0,1.0,-1.0,-1.0
276,276.0,1.9721319675445557,2.319348096847534,-66.23281860351562,71.30281829833984,342.8927917480469,15.0,1.0,-1.0,-1.0
277,277.0,1.841425895690918,2.3685338497161865,-79.85613250732422,77.90931701660156,342.8927917480469,15.0,1.0,-1.0,-1.0
278,278.0,1.8614846467971802,2.3631043434143066,-77.77561950683594,76.70813751220703,342.8927917480469,15.0,1.0,-1.0,-1.0
279,279.0,1.8784091472625732,2.353696823120117,-75.69509887695312,76.07416534423828,342.8927917480469,15.0,1.0,-1.0,-1.0
280,280.0,1.92437744140625,2.3453369140625,-71.53408813476562,73.1045913696289,342.8927917480469,15.0,1.0,-1.0,-1.0
281,281.0,1.8873507976531982,2.3144664764404297,-71.97595977783203,78.24813842773438,342.8927917480469,15.0,1.0,-1.0,-1.0
282,282.0,1.8620872497558594,2.2721691131591797,-70.44383239746094,83.4012451171875,342.8927917480469,15.0,1.0,-1.0,-1.0
283,283.0,1.8793941736221313,2.25520396232605,-67.7776107788086,83.06307983398438,342.8927917480469,15.0,1.0,-1.0,-1.0
284,284.0,1.8869458436965942,2.2311551570892334,-65.24256134033203,84.0018310546875,342.8927917480469,15.0,1.0,-1.0,-1.0
285,285.0,1.8181947469711304,2.3835995197296143,-83.02689361572266,78.59650421142578,342.8927917480469,15.0,1.0,-1.0,-1.0
286,286.0,1.8262170553207397,2.3149168491363525,-76.78535461425781,83.4012451171875,342.8927917480469,15.0,1.0,-1.0,-1.0
287,287.0,1.745248794555664,-0.7079452872276306,93.8261947631836,-80.31167602539062,342.8927917480469,15.0,0.0,-1.0,-1.0
288,288.0,1.821325659751892,-0.876957356929779,72.87108612060547,-87.60537719726562,342.8927917480469,15.0,0.0,-1.0,-1.0
289,289.0,1.7783472537994385,-0.8787385821342468,76.09185791015625,-91.80951690673828,342.8927917480469,15.0,0.0,-1.0,-1.0
290,290.0,1.79945707321167,-0.8117761015892029,80.25287628173828,-84.60242462158203,342.8927917480469,15.0,0.0,-1.0,-1.0
291,291.0,1.7416144609451294,-0.8557100296020508,81.29313659667969,-93.61129760742188,342.8927917480469,15.0,0.0,-1.0,-1.0
292,292.0,1.74903404712677,-0.8374888300895691,82.3333969116211,-91.39100646972656,342.8927917480469,15.0,0.0,-1.0,-1.0
293,293.0,1.7322843074798584,-0.8310126066207886,84.41390228271484,-92.48882293701172,342.8927917480469,15.0,0.0,-1.0,-1.0
294,294.0,1.7627918720245361,-0.8005114197731018,84.41390228271484,-87.00479125976562,342.8927917480469,15.0,0.0,-1.0,-1.0
295,295.0,1.7449181079864502,-0.7344667911529541,91.69568634033203,-82.80065155029297,342.8927917480469,15.0,0.0,-1.0,-1.0
296,296.0,1.7179791927337646,-0.703011691570282,96.99695587158203,-82.2000503540039,342.8927307128906,15.0,0.0,-1.0,-1.0
297,297.0,1.6581690311431885,-0.7623083591461182,98.0372085571289,-93.61129760742188,342.8927307128906,15.0,0.0,-1.0,-1.0
298,298.0,1.658972978591919,-0.7388684749603271,100.11772918701172,-91.20893096923828,342.8927307128906,15.0,0.0,-1.0,-1.0
299,299.0,1.7599294185638428,-0.9276569485664368,72.92109680175781,-97.30143737792969,342.8927307128906,15.0,0.0,-1.0,-1.0
300,300.0,1.6994692087173462,-0.802510678768158,90.11555480957031,-93.25376892089844,342.8927307128906,15.0,0.0,-1.0,-1.0
301,301.0,1.6575038433074951,-0.8383681178092957,90.70543670654297,-100.86226654052734,342.8927307128906,15.0,0.0,-1.0,-1.0
302,302.0,1.665243148803711,-0.7768917679786682,95.92953491210938,-94.31123352050781,342.8927307128906,15.0,0.0,-1.0,-1.0
303,303.0,1.6391017436981201,-0.9334694743156433,82.33338165283203,-111.20166015625,342.8927307128906,15.0,0.0,-1.0,-1.0
304,304.0,1.9998036623001099,2.391950845718384,-69.40357971191406,64.60970306396484,343.8372497558594,16.0,1.0,-1.0,-1.0
305,305.0,1.8614206314086914,2.349825382232666,-76.96675109863281,77.9534683227539,343.8372497558594,16.0,1.0,-1.0,-1.0
306,306.0,1.9260575771331787,2.3666539192199707,-73.14901733398438,71.63460540771484,343.8372497558594,16.0,1.0,-1.0,-1.0
307,307.0,1.8867501020431519,2.3156964778900146,-72.31611633300781,78.42414855957031,343.8372497558594,16.0,1.0,-1.0,-1.0
308,308.0,1.945081353187561,2.310528516769409,-67.66011047363281,74.14004516601562,343.8372497558594,16.0,1.0,-1.0,-1.0
309,309.0,1.8964924812316895,2.249403238296509,-66.2828140258789,82.2000503540039,343.8372497558594,16.0,1.0,-1.0,-1.0
310,310.0,1.8055933713912964,2.1779518127441406,-66.2828140258789,95.4130630493164,343.8372497558594,16.0,1.0,-1.0,-1.0
311,311.0,1.8895732164382935,2.2311551570892334,-65.24256134033203,84.0018310546875,343.8372497558594,16.0,1.0,-1.0,-1.0
312,312.0,1.8384819030761719,2.3117222785949707,-75.74510955810547,82.80065155029297,343.8372497558594,16.0,1.0,-1.0,-1.0
313,313.0,1.7577524185180664,2.143558979034424,-66.23281860351562,102.7067642211914,343.8372497558594,16.0,1.0,-1.0,-1.0
314,314.0,1.809923768043518,-0.7725812196731567,82.81625366210938,-80.72010040283203,343.8372497558594,16.0,0.0,-1.0,-1.0
315,315.0,1.7496719360351562,-0.8074279427528381,85.21955108642578,-89.05950164794922,343.8372497558594,16.0,0.0,-1.0,-1.0
316,316.0,1.7278059720993042,-0.7808662056922913,89.61516571044922,-88.80655670166016,343.8372497558594,16.0,0.0,-1.0,-1.0
317,317.0,1.6885641813278198,-0.7534193396568298,95.95670318603516,-90.00775146484375,343.8372497558594,16.0,0.0,-1.0,-1.0
318,318.0,1.6616051197052002,-0.6919316053390503,104.27874755859375,-86.40419006347656,343.8372497558594,16.0,0.0,-1.0,-1.0
319,319.0,1.7822123765945435,-0.8894702792167664,75.00160217285156,-92.49671173095703,343.8372497558594,16.0,0.0,-1.0,-1.0
320,320.0,1.7443385124206543,-0.9104164242744446,76.04186248779297,-97.90203857421875,343.8372497558594,16.0,0.0,-1.0,-1.0
321,321.0,1.6907202005386353,-0.9134480357170105,80.202880859375,-103.90795135498047,343.8372497558594,16.0,0.0,-1.0,-1.0
322,322.0,1.6738204956054688,-0.8977099061012268,83.32363891601562,-104.508544921875,343.8372497558594,16.0,0.0,-1.0,-1.0
323,323.0,1.6980128288269043,-0.863861620426178,84.592041015625,-99.02923583984375,343.8372497558594,16.0,0.0,-1.0,-1.0
324,324.0,1.68682062625885,-0.8440021872520447,87.58465576171875,-98.50262451171875,343.8372497558594,16.0,0.0,-1.0,-1.0
325,325.0,1.6543232202529907,-0.8678387403488159,88.23693084716797,-104.13196563720703,343.8372497558594,16.0,0.0,-1.0,-1.0
326,326.0,1.672505497932434,-0.8471388816833496,88.62492370605469,-100.30439758300781,343.8372497558594,16.0,0.0,-1.0,-1.0
327,327.0,1.7018550634384155,-0.8045414090156555,89.94402313232422,-93.45531463623047,343.8372497558594,16.0,0.0,-1.0,-1.0
328,328.0,1.6554415225982666,-0.8011442422866821,94.86643981933594,-97.90203857421875,343.8372497558594,16.0,0.0,-1.0,-1.0
329,329.0,1.641340732574463,-0.7735117077827454,99.02747344970703,-96.70084381103516,343.8372497558594,16.0,0.0,-1.0,-1.0
330,330.0,1.661189317703247,-0.9176421165466309,82.33338165283203,-107.5981216430664,343.8372497558594,16.0,0.0,-1.0,-1.0
331,331.0,1.9830152988433838,2.307283401489258,-65.19255828857422,71.90341186523438,345.8627624511719,17.0,1.0,-1.0,-1.0
332,332.0,1.8710991144180298,2.3921823501586914,-79.85613250732422,74.30577087402344,345.8627624511719,17.0,1.0,-1.0,-1.0
333,333.0,1.893829584121704,2.3612382411956787,-75.69509887695312,74.93535614013672,345.8627624511719,17.0,1.0,-1.0,-1.0
334,334.0,1.8599599599838257,2.326610803604126,-75.69510650634766,80.31169128417969,345.8627624511719,17.0,1.0,-1.0,-1.0
335,335.0,1.8901773691177368,2.314863443374634,-72.41610717773438,78.6639633178711,345.8627624511719,17.0,1.0,-1.0,-1.0
336,336.0,1.8448070287704468,2.291482925415039,-73.99630737304688,84.2510757446289,345.8627624511719,17.0,1.0,-1.0,-1.0
337,337.0,1.8694236278533936,2.2521917819976807,-68.82758331298828,84.87046813964844,345.8627624511719,17.0,1.0,-1.0,-1.0
338,338.0,1.9230891466140747,2.2731223106384277,-66.73497009277344,78.85755920410156,345.8627624511719,17.0,1.0,-1.0,-1.0
339,339.0,1.8852370977401733,2.2353715896606445,-66.2828140258789,84.60242462158203,345.8627624511719,17.0,1.0,-1.0,-1.0
340,340.0,1.7483969926834106,2.3852763175964355,-90.30867004394531,85.20301818847656,345.8627624511719,17.0,1.0,-1.0,-1.0
341,341.0,1.8280850648880005,2.377495527267456,-82.3974838256836,78.95989990234375,345.8627624511719,17.0,1.0,-1.0,-1.0
342,342.0,1.8418231010437012,2.3221497535705566,-76.78535461425781,82.2000503540039,345.8627624511719,17.0,1.0,-1.0,-1.0
343,343.0,1.7934855222702026,-0.82574462890625,80.25287628173828,-87.00479125976562,345.8627624511719,17.0,0.0,-1.0,-1.0
344,344.0,1.739977478981018,-0.8463760018348694,83.0194091796875,-93.81582641601562,345.8627624511719,17.0,0.0,-1.0,-1.0
345,345.0,1.7441589832305908,-0.8273407816886902,84.41390991210938,-91.80952453613281,345.8627624511719,17.0,0.0,-1.0,-1.0
346,346.0,1.7661997079849243,-0.7813888788223267,86.49440002441406,-85.80360412597656,345.8627624511719,17.0,0.0,-1.0,-1.0
347,347.0,1.7284700870513916,-0.7625895738601685,91.69568634033203,-87.60537719726562,345.8627624511719,17.0,0.0,-1.0,-1.0
348,348.0,1.7024009227752686,-0.7555177807807922,94.91645050048828,-89.40715026855469,345.8627624511719,17.0,0.0,-1.0,-1.0
349,349.0,1.7436978816986084,-0.706447422504425,94.91645050048828,-80.9988784790039,345.8627624511719,17.0,0.0,-1.0,-1.0
350,350.0,1.6973142623901367,-0.7379669547080994,96.99695587158203,-88.20596313476562,345.8627624511719,17.0,0.0,-1.0,-1.0
351,351.0,1.6899261474609375,-0.7231024503707886,99.07746124267578,-87.44297790527344,345.8627624511719,17.0,0.0,-1.0,-1.0
352,352.0,1.7168139219284058,-0.6765902638435364,100.11772918701172,-80.39827728271484,345.8627624511719,17.0,0.0,-1.0,-1.0
353,353.0,1.647972822189331,-0.749859631061554,101.15797424316406,-94.2118911743164,345.8627624511719,17.0,0.0,-1.0,-1.0
354,354.0,1.7138510942459106,-0.8778628706932068,82.28339385986328,-99.10321807861328,345.8627624511719,17.0,0.0,-1.0,-1.0
355,355.0,1.6971397399902344,-0.870920717716217,84.46389770507812,-100.30439758300781,345.8627624511719,17.0,0.0,-1.0,-1.0
356,356.0,1.6481624841690063,-0.8844391107559204,87.58465576171875,-106.9109115600586,345.8627624511719,17.0,0.0,-1.0,-1.0
357,357.0,1.708702802658081,-0.8130793571472168,89.01439666748047,-94.08407592773438,345.8627624511719,17.0,0.0,-1.0,-1.0
358,358.0,1.6280620098114014,-0.8142391443252563,96.94696044921875,-102.7067642211914,345.8627624511719,17.0,0.0,-1.0,-1.0
359,359.0,1.650504231452942,-0.7879202961921692,97.23443603515625,-97.72615051269531,345.8627624511719,17.0,0.0,-1.0,-1.0
360,360.0,1.9580497741699219,2.2613141536712646,-63.6182861328125,77.00041198730469,346.8072509765625,18.0,1.0,-1.0,-1.0
361,361.0,1.9760891199111938,2.2428689002990723,-61.03153610229492,76.70813751220703,346.8072509765625,18.0,1.0,-1.0,-1.0
362,362.0,1.9075247049331665,2.348820447921753,-73.89701843261719,74.99495697021484,346.8072509765625,18.0,1.0,-1.0,-1.0
363,363.0,1.8804181814193726,2.3132269382476807,-73.22924041748047,79.8089599609375,346.8072509765625,18.0,1.0,-1.0,-1.0
364,364.0,1.9185062646865845,2.2728636264801025,-67.21755981445312,79.469482421875,346.8072509765625,18.0,1.0,-1.0,-1.0
365,365.0,1.9354348182678223,2.23812198638916,-63.28893280029297,80.32501983642578,346.8072509765625,18.0,1.0,-1.0,-1.0
366,366.0,1.822212815284729,2.3007848262786865,-76.78535461425781,85.80360412597656,346.8072509765625,18.0,1.0,-1.0,-1.0
367,367.0,1.7559354305267334,-0.7079452872276306,93.8261947631836,-80.31167602539062,346.8072509765625,18.0,0.0,-1.0,-1.0
368,368.0,1.7275656461715698,-0.8124856948852539,87.53466033935547,-92.41011047363281,346.8072509765625,18.0,0.0,-1.0,-1.0
369,369.0,1.719285011291504,-0.7787221670150757,91.40743255615234,-90.19503784179688,346.8072509765625,18.0,0.0,-1.0,-1.0
370,370.0,1.6642760038375854,-0.7738620638847351,97.41439056396484,-95.1923599243164,346.8072509765625,18.0,0.0,-1.0,-1.0
371,371.0,1.6562907695770264,-0.6971995234489441,105.3189926147461,-88.20596313476562,346.8072509765625,18.0,0.0,-1.0,-1.0
372,372.0,1.694018840789795,-0.937060534954071,78.12236022949219,-106.31031036376953,346.8072509765625,18.0,0.0,-1.0,-1.0
373,373.0,1.7148958444595337,-0.868685781955719,83.32363891601562,-98.50262451171875,346.8072509765625,18.0,0.0,-1.0,-1.0
374,374.0,1.6540918350219727,-0.8616935610771179,89.66517639160156,-104.508544921875,346.8072509765625,18.0,0.0,-1.0,-1.0
375,375.0,1.672621250152588,-0.8443098068237305,89.66517639160156,-100.90498352050781,346.8072509765625,18.0,0.0,-1.0,-1.0
376,376.0,1.6980565786361694,-0.8053010106086731,91.0181655883789,-94.71527862548828,346.8072509765625,18.0,0.0,-1.0,-1.0
377,377.0,1.6776845455169678,-0.8260474801063538,90.9972915649414,-98.71314239501953,346.8072509765625,18.0,0.0,-1.0,-1.0
378,378.0,1.682387351989746,-0.7895517349243164,94.06311798095703,-94.8477783203125,346.8072509765625,18.0,0.0,-1.0,-1.0
379,379.0,1.6634414196014404,-0.8011442422866821,94.86643981933594,-97.90203857421875,346.8072509765625,18.0,0.0,-1.0,-1.0
380,380.0,1.8926032781600952,2.3790063858032227,-77.77561950683594,74.30577087402344,348.832763671875,19.0,1.0,-1.0,-1.0
381,381.0,1.870495319366455,2.3553357124328613,-77.77561950683594,77.9093246459961,348.832763671875,19.0,1.0,-1.0,-1.0
382,382.0,1.8656710386276245,2.3371760845184326,-76.73536682128906,79.71109008789062,348.832763671875,19.0,1.0,-1.0,-1.0
383,383.0,1.8932007551193237,2.3165955543518066,-72.94409942626953,78.96260070800781,348.832763671875,19.0,1.0,-1.0,-1.0
384,384.0,1.9266525506973267,2.339033842086792,-72.13163757324219,74.65077209472656,348.832763671875,19.0,1.0,-1.0,-1.0
385,385.0,1.879065752029419,2.2848031520843506,-71.44691467285156,82.45272827148438,348.832763671875,19.0,1.0,-1.0,-1.0
386,386.0,1.854519009590149,2.251396656036377,-70.44383239746094,87.00479125976562,348.832763671875,19.0,1.0,-1.0,-1.0
387,387.0,1.8901766538619995,2.257429838180542,-68.36332702636719,83.4012451171875,348.832763671875,19.0,1.0,-1.0,-1.0
388,388.0,1.9033617973327637,2.2311551570892334,-65.24256134033203,84.0018310546875,348.832763671875,19.0,1.0,-1.0,-1.0
389,389.0,1.8048278093338013,2.3270740509033203,-80.9463882446289,85.80360412597656,348.832763671875,19.0,1.0,-1.0,-1.0
390,390.0,1.851855754852295,2.313370943069458,-75.90927124023438,82.70587158203125,348.832763671875,19.0,1.0,-1.0,-1.0
391,391.0,1.829723834991455,2.2905526161193848,-75.74510955810547,86.40419006347656,348.832763671875,19.0,1.0,-1.0,-1.0
392,392.0,1.7812446355819702,-0.8101431131362915,83.37364196777344,-87.60537719726562,348.832763671875,19.0,0.0,-1.0,-1.0
393,393.0,1.7131881713867188,-0.748005211353302,95.30200958251953,-88.42857360839844,348.832763671875,19.0,0.0,-1.0,-1.0
394,394.0,1.745856761932373,-0.7137243151664734,94.91645050048828,-82.2000503540039,348.832763671875,19.0,0.0,-1.0,-1.0
395,395.0,1.690360188484192,-0.7665722966194153,95.95669555664062,-92.41011047363281,348.832763671875,19.0,0.0,-1.0,-1.0
396,396.0,1.6661708354949951,-0.7602309584617615,99.07746887207031,-94.2118911743164,348.832763671875,19.0,0.0,-1.0,-1.0
397,397.0,1.7898335456848145,-0.9056821465492249,73.96134185791016,-94.29847717285156,348.832763671875,19.0,0.0,-1.0,-1.0
398,398.0,1.7274034023284912,-0.8528638482093811,84.236572265625,-96.44490051269531,348.832763671875,19.0,0.0,-1.0,-1.0
399,399.0,1.6842604875564575,-0.838359534740448,89.66517639160156,-99.70380401611328,348.832763671875,19.0,0.0,-1.0,-1.0
400,400.0,1.700227975845337,-0.8063701391220093,91.23579406738281,-95.1451416015625,348.832763671875,19.0,0.0,-1.0,-1.0
401,401.0,1.664878249168396,-0.8157593607902527,93.8261947631836,-99.70380401611328,348.832763671875,19.0,0.0,-1.0,-1.0
402,402.0,1.6749587059020996,-0.7947649359703064,94.86643981933594,-96.66048431396484,348.832763671875,19.0,0.0,-1.0,-1.0
403,403.0,1.6074447631835938,-0.7825742363929749,103.28848266601562,-102.7067642211914,348.832763671875,19.0,0.0,-1.0,-1.0
404,404.0,1.6383196115493774,-0.909729540348053,86.49440002441406,-111.20166015625,348.832763671875,19.0,0.0,-1.0,-1.0
405,405.0,1.8618063926696777,2.3436739444732666,-77.77561950683594,79.74800872802734,349.7772521972656,20.0,1.0,-1.0,-1.0
406,406.0,1.8857606649398804,2.351736307144165,-76.47144317626953,77.15635681152344,349.7772521972656,20.0,1.0,-1.0,-1.0
407,407.0,1.9141610860824585,2.3435051441192627,-73.61459350585938,75.5069580078125,349.7772521972656,20.0,1.0,-1.0,-1.0
408,408.0,1.8893667459487915,2.318579912185669,-73.59329986572266,79.3488540649414,349.7772521972656,20.0,1.0,-1.0,-1.0
409,409.0,1.964421033859253,2.382157325744629,-72.57434844970703,68.90044403076172,349.7772521972656,20.0,1.0,-1.0,-1.0
410,410.0,1.923282265663147,2.325179100036621,-71.53408813476562,76.11495971679688,349.7772521972656,20.0,1.0,-1.0,-1.0
411,411.0,1.881046175956726,2.2721691131591797,-70.44383239746094,83.4012451171875,349.7772521972656,20.0,1.0,-1.0,-1.0
412,412.0,1.9246820211410522,2.233874797821045,-64.20230865478516,82.2000503540039,349.7772521972656,20.0,1.0,-1.0,-1.0
413,413.0,1.727651834487915,2.317492723464966,-87.18791198730469,94.2118911743164,349.7772521972656,20.0,1.0,-1.0,-1.0
414,414.0,1.7681328058242798,-0.8141166567802429,84.41390228271484,-89.40715026855469,349.7772521972656,20.0,0.0,-1.0,-1.0
415,415.0,1.7387332916259766,-0.827003538608551,85.89476776123047,-93.35690307617188,349.7772521972656,20.0,0.0,-1.0,-1.0
416,416.0,1.728808879852295,-0.7968150973320007,89.61517333984375,-91.6851577758789,349.7772521972656,20.0,0.0,-1.0,-1.0
417,417.0,1.7189013957977295,-0.7770089507102966,92.38372802734375,-90.8465347290039,349.7772521972656,20.0,0.0,-1.0,-1.0
418,418.0,1.707020878791809,-0.7621811032295227,94.91645050048828,-90.60833740234375,349.7772521972656,20.0,0.0,-1.0,-1.0
419,419.0,1.7663404941558838,-0.8947755694389343,77.08211517333984,-96.10025787353516,349.7772521972656,20.0,0.0,-1.0,-1.0
420,420.0,1.6964658498764038,-0.8500165343284607,87.58465576171875,-99.70380401611328,349.7772521972656,20.0,0.0,-1.0,-1.0
421,421.0,1.715604543685913,-0.8317248225212097,87.58465576171875,-96.10025787353516,349.7772521972656,20.0,0.0,-1.0,-1.0
422,422.0,1.7010749578475952,-0.8350932598114014,88.62492370605469,-97.90203857421875,349.7772521972656,20.0,0.0,-1.0,-1.0
423,423.0,1.6558700799942017,-0.867336094379425,89.66517639160156,-105.709716796875,349.7772521972656,20.0,0.0,-1.0,-1.0
424,424.0,1.691841721534729,-0.8111321330070496,91.84767150878906,-96.70084381103516,349.7772521972656,20.0,0.0,-1.0,-1.0
425,425.0,1.6576989889144897,-0.8048073053359985,95.90670013427734,-99.70380401611328,349.7772521972656,20.0,0.0,-1.0,-1.0
426,426.0,1.66725754737854,-0.7841272354125977,96.94696044921875,-96.70084381103516,349.7772521972656,20.0,0.0,-1.0,-1.0
427,427.0,1.9751132726669312,2.2711637020111084,-64.15229797363281,76.1075439453125,351.8027648925781,21.0,1.0,-1.0,-1.0
428,428.0,1.9001580476760864,2.3508331775665283,-75.69510650634766,76.51115417480469,351.8027648925781,21.0,1.0,-1.0,-1.0
429,429.0,1.9477853775024414,2.387638568878174,-74.65485382080078,70.10163116455078,351.8027648925781,21.0,1.0,-1.0,-1.0
430,430.0,1.8944878578186035,2.3107411861419678,-72.99930572509766,79.95645141601562,351.8027648925781,21.0,1.0,-1.0,-1.0
431,431.0,1.9470328092575073,2.3353514671325684,-70.9446792602539,73.9654769897461,351.8027648925781,21.0,1.0,-1.0,-1.0
432,432.0,1.8660874366760254,2.2995128631591797,-74.27433776855469,83.21041870117188,351.8027648925781,21.0,1.0,-1.0,-1.0
433,433.0,1.8688204288482666,2.2688610553741455,-71.48409271240234,85.20301818847656,351.8027648925781,21.0,1.0,-1.0,-1.0
434,434.0,1.9215337038040161,2.2268497943878174,-64.20230865478516,83.4012451171875,351.8027648925781,21.0,1.0,-1.0,-1.0
435,435.0,1.8175357580184937,2.3440544605255127,-81.98663330078125,84.0018310546875,351.8027648925781,21.0,1.0,-1.0,-1.0
436,436.0,1.843559741973877,2.345710277557373,-79.9061279296875,81.5994644165039,351.8027648925781,21.0,1.0,-1.0,-1.0
437,437.0,1.8387675285339355,2.328251838684082,-78.86587524414062,83.4012451171875,351.8027648925781,21.0,1.0,-1.0,-1.0
438,438.0,1.815718412399292,-0.7173064351081848,88.62492370605469,-77.30872344970703,351.8027648925781,21.0,0.0,-1.0,-1.0
439,439.0,1.7744516134262085,-0.8588979840278625,80.25287628173828,-93.01069641113281,351.8027648925781,21.0,0.0,-1.0,-1.0
440,440.0,1.7547067403793335,-0.8548643589019775,82.33338165283203,-94.64737701416016,351.8027648925781,21.0,0.0,-1.0,-1.0
441,441.0,1.791422963142395,-0.8198199272155762,82.33338165283203,-88.20596313476562,351.8027648925781,21.0,0.0,-1.0,-1.0
442,442.0,1.7384023666381836,-0.8372653722763062,85.45415496826172,-94.8124771118164,351.8027648925781,21.0,0.0,-1.0,-1.0
443,443.0,1.7647885084152222,-0.8113443851470947,85.45415496826172,-90.00775146484375,351.8027648925781,21.0,0.0,-1.0,-1.0
444,444.0,1.7452917098999023,-0.8194421529769897,86.4944076538086,-92.59363555908203,351.8027648925781,21.0,0.0,-1.0,-1.0
445,445.0,1.7444738149642944,-0.7625895738601685,91.69568634033203,-87.60537719726562,351.8027648925781,21.0,0.0,-1.0,-1.0
446,446.0,1.6959176063537598,-0.7579301595687866,96.99695587158203,-91.80951690673828,351.8027648925781,21.0,0.0,-1.0,-1.0
447,447.0,1.6763566732406616,-0.7686782479286194,98.0372085571289,-94.8124771118164,351.8027648925781,21.0,0.0,-1.0,-1.0
448,448.0,1.7503708600997925,-0.912667453289032,77.08211517333984,-99.70380401611328,351.8027648925781,21.0,0.0,-1.0,-1.0
449,449.0,1.7774710655212402,-0.8789420127868652,78.12236022949219,-94.29847717285156,351.8027648925781,21.0,0.0,-1.0,-1.0
450,450.0,1.747800350189209,-0.8938276767730713,79.1626205444336,-98.50262451171875,351.8027648925781,21.0,0.0,-1.0,-1.0
451,451.0,1.6842535734176636,-0.8356097340583801,90.7054214477539,-100.30439758300781,351.8027648925781,21.0,0.0,-1.0,-1.0
452,452.0,1.7120215892791748,-0.7956216931343079,91.8739013671875,-93.77191925048828,351.8027648925781,21.0,0.0,-1.0,-1.0
453,453.0,1.6715672016143799,-0.8273352980613708,92.78592681884766,-100.91390991210938,351.8027648925781,21.0,0.0,-1.0,-1.0
454,454.0,1.8780280351638794,2.3129959106445312,-74.65145111083984,81.39669799804688,352.7472839355469,22.0,1.0,-1.0,-1.0
455,455.0,1.9057084321975708,2.3262581825256348,-73.56219482421875,78.10387420654297,352.7472839355469,22.0,1.0,-1.0,-1.0
456,456.0,1.9217091798782349,2.3024485111236572,-70.49383544921875,78.5099105834961,352.7472839355469,22.0,1.0,-1.0,-1.0
457,457.0,1.857216238975525,2.2447006702423096,-70.44383239746094,88.20596313476562,352.7472839355469,22.0,1.0,-1.0,-1.0
458,458.0,1.931191325187683,2.245260715484619,-65.24256134033203,81.5994644165039,352.7472839355469,22.0,1.0,-1.0,-1.0
459,459.0,1.8812739849090576,2.1935598850250244,-64.20230865478516,89.40715026855469,352.7472839355469,22.0,1.0,-1.0,-1.0
460,460.0,1.850901484489441,2.3252315521240234,-77.82561492919922,82.80065155029297,352.7472839355469,22.0,1.0,-1.0,-1.0
461,461.0,1.7828257083892822,-0.8073623180389404,84.41390228271484,-88.20596313476562,352.7472839355469,22.0,0.0,-1.0,-1.0
462,462.0,1.7173207998275757,-0.7709881067276001,93.8761978149414,-91.20893096923828,352.7472229003906,22.0,0.0,-1.0,-1.0
463,463.0,1.6984244585037231,-0.7579301595687866,96.99695587158203,-91.80951690673828,352.7472229003906,22.0,0.0,-1.0,-1.0
464,464.0,1.770833969116211,-0.871496856212616,79.59146118164062,-94.62877655029297,352.7472229003906,22.0,0.0,-1.0,-1.0
465,465.0,1.6602394580841064,-0.889910101890564,87.58465576171875,-108.11209106445312,352.7472229003906,22.0,0.0,-1.0,-1.0
466,466.0,1.7235338687896729,-0.8317248225212097,87.58465576171875,-96.10025787353516,352.7472229003906,22.0,0.0,-1.0,-1.0
467,467.0,1.6896854639053345,-0.8327655792236328,90.70542907714844,-99.73274230957031,352.7472229003906,22.0,0.0,-1.0,-1.0
468,468.0,1.7114536762237549,-0.8111396431922913,90.7054214477539,-95.49967193603516,352.7472229003906,22.0,0.0,-1.0,-1.0
469,469.0,1.6752736568450928,-0.8157593607902527,93.8261947631836,-99.70380401611328,352.7472229003906,22.0,0.0,-1.0,-1.0
470,470.0,1.6991645097732544,-0.7910829782485962,93.8261947631836,-94.89907836914062,352.7472229003906,22.0,0.0,-1.0,-1.0
471,471.0,1.6792645454406738,-0.8011442422866821,94.86643981933594,-97.90203857421875,352.7472229003906,22.0,0.0,-1.0,-1.0
472,472.0,1.6402087211608887,-0.7139546275138855,107.44950103759766,-93.09730529785156,352.7472229003906,22.0,0.0,-1.0,-1.0
473,473.0,1.8802074193954468,2.3226654529571533,-75.69510650634766,80.94921112060547,354.7727355957031,23.0,1.0,-1.0,-1.0
474,474.0,1.904194951057434,2.3333120346069336,-74.65484619140625,78.15206146240234,354.7727355957031,23.0,1.0,-1.0,-1.0
475,475.0,1.8965615034103394,2.312713384628296,-73.61459350585938,80.31169128417969,354.7727355957031,23.0,1.0,-1.0,-1.0
476,476.0,1.9329100847244263,2.321305990219116,-71.53408813476562,76.70813751220703,354.7727355957031,23.0,1.0,-1.0,-1.0
477,477.0,1.857657790184021,2.2761030197143555,-73.5645980834961,86.40419006347656,354.7727355957031,23.0,1.0,-1.0,-1.0
478,478.0,1.802031397819519,2.368805170059204,-86.14765167236328,84.0018310546875,354.7727355957031,23.0,1.0,-1.0,-1.0
479,479.0,1.8443291187286377,-0.8733451962471008,73.9113540649414,-88.20596313476562,354.7727355957031,23.0,0.0,-1.0,-1.0
480,480.0,1.8505020141601562,-0.7798638343811035,81.29313659667969,-80.39827728271484,354.7727355957031,23.0,0.0,-1.0,-1.0
481,481.0,1.7226908206939697,-0.7709881067276001,93.8761978149414,-91.20893096923828,354.7727966308594,23.0,0.0,-1.0,-1.0
482,482.0,1.7021925449371338,-0.7709444761276245,95.95671081542969,-93.2221908569336,354.7727966308594,23.0,0.0,-1.0,-1.0
483,483.0,1.7033751010894775,-0.8559496402740479,87.58465576171875,-100.90498352050781,354.7727966308594,23.0,0.0,-1.0,-1.0
484,484.0,1.7289081811904907,-0.8317248225212097,87.58465576171875,-96.10025787353516,354.7727966308594,23.0,0.0,-1.0,-1.0
485,485.0,1.7062748670578003,-0.8323294520378113,89.66517639160156,-98.50262451171875,354.7727966308594,23.0,0.0,-1.0,-1.0
486,486.0,1.6879740953445435,-0.8159657716751099,93.06880950927734,-98.93988800048828,354.7727966308594,23.0,0.0,-1.0,-1.0
487,487.0,1.7026371955871582,-0.8073582649230957,92.45532989501953,-96.60784912109375,354.7727966308594,23.0,0.0,-1.0,-1.0
488,488.0,1.6964337825775146,-0.7887245416641235,94.86643981933594,-95.49967193603516,354.7727966308594,23.0,0.0,-1.0,-1.0
489,489.0,1.6825724840164185,-0.7926168441772461,95.90670013427734,-97.30143737792969,354.7727966308594,23.0,0.0,-1.0,-1.0
490,490.0,1.9018515348434448,2.410849094390869,-80.89637756347656,72.50399017333984,355.7172546386719,24.0,1.0,-1.0,-1.0
491,491.0,1.897925853729248,2.3921823501586914,-79.85613250732422,74.30577087402344,355.7172546386719,24.0,1.0,-1.0,-1.0
492,492.0,1.9171037673950195,2.3169281482696533,-72.57434844970703,78.5099105834961,355.7172546386719,24.0,1.0,-1.0,-1.0
493,493.0,1.8162184953689575,2.3384363651275635,-82.53495025634766,85.51958465576172,355.7172546386719,24.0,1.0,-1.0,-1.0
494,494.0,1.7885280847549438,-0.6837735772132874,94.86643981933594,-77.30872344970703,355.7172546386719,24.0,0.0,-1.0,-1.0
495,495.0,1.743772268295288,-0.7261075377464294,95.95669555664062,-85.20301818847656,355.7172546386719,24.0,0.0,-1.0,-1.0
496,496.0,1.7152702808380127,-0.7360352277755737,98.0372085571289,-88.80655670166016,355.7172546386719,24.0,0.0,-1.0,-1.0
497,497.0,1.7089221477508545,-0.8736602663993835,85.50415802001953,-102.1061782836914,355.7172546386719,24.0,0.0,-1.0,-1.0
498,498.0,1.7235122919082642,-0.8339425325393677,88.10899353027344,-97.10726928710938,355.7172546386719,24.0,0.0,-1.0,-1.0
499,499.0,1.727550983428955,-0.8137487173080444,89.66517639160156,-94.89907836914062,355.7172546386719,24.0,0.0,-1.0,-1.0
500,500.0,1.670065999031067,-0.858823835849762,90.7054214477539,-105.109130859375,355.7172546386719,24.0,0.0,-1.0,-1.0
501,501.0,1.72124445438385,-0.7870731949806213,92.78594207763672,-93.09730529785156,355.7172546386719,24.0,0.0,-1.0,-1.0
502,502.0,1.685097098350525,-0.8084620237350464,94.3486099243164,-98.80424499511719,355.7172546386719,24.0,0.0,-1.0,-1.0
503,503.0,1.6771767139434814,-0.7902997732162476,96.94696044921875,-97.90203857421875,355.7172546386719,24.0,0.0,-1.0,-1.0
504,504.0,1.9596399068832397,2.3258562088012695,-70.49383544921875,74.90636444091797,357.7427673339844,25.0,1.0,-1.0,-1.0
505,505.0,1.873294711112976,2.2830207347869873,-73.5645980834961,85.20301818847656,357.7427673339844,25.0,1.0,-1.0,-1.0
506,506.0,1.7837753295898438,2.4016435146331787,-91.34893035888672,83.4012451171875,357.7427673339844,25.0,1.0,-1.0,-1.0
507,507.0,1.7638221979141235,2.321136474609375,-86.14765167236328,92.41011047363281,357.7427673339844,25.0,1.0,-1.0,-1.0
508,508.0,1.8143888711929321,-0.7184202671051025,90.16000366210938,-78.8248062133789,357.7427673339844,25.0,0.0,-1.0,-1.0
509,509.0,1.8163402080535889,-0.8227537274360657,81.29313659667969,-87.60537719726562,357.7427673339844,25.0,0.0,-1.0,-1.0
510,510.0,1.8103286027908325,2.240447521209717,-74.65485382080078,94.29847717285156,357.7427673339844,25.0,1.0,-1.0,-1.0
511,511.0,1.7080990076065063,-0.7730264663696289,95.95669555664062,-93.61129760742188,357.7427673339844,25.0,0.0,-1.0,-1.0
512,512.0,1.6876001358032227,-0.8473693132400513,90.7054214477539,-102.7067642211914,357.7427673339844,25.0,0.0,-1.0,-1.0
513,513.0,1.6984065771102905,-0.8203522562980652,92.3724594116211,-99.0667724609375,357.7427673339844,25.0,0.0,-1.0,-1.0
514,514.0,1.6913219690322876,-0.7966219186782837,95.41755676269531,-97.58384704589844,357.7427673339844,25.0,0.0,-1.0,-1.0
515,515.0,1.6815166473388672,-0.7748890519142151,98.54512023925781,-96.49534606933594,357.7427673339844,25.0,0.0,-1.0,-1.0
516,516.0,1.9778783321380615,2.299327850341797,-67.3730697631836,75.5069580078125,358.687255859375,26.0,1.0,-1.0,-1.0
517,517.0,1.9212158918380737,2.2866103649139404,-70.44383239746094,80.9988784790039,358.687255859375,26.0,1.0,-1.0,-1.0
518,518.0,1.8118581771850586,-0.8295401334762573,81.29313659667969,-88.80655670166016,358.687255859375,26.0,0.0,-1.0,-1.0
519,519.0,1.6771750450134277,-0.8790221810340881,88.62492370605469,-106.99317169189453,358.687255859375,26.0,0.0,-1.0,-1.0
520,520.0,1.6931811571121216,-0.8646108508110046,88.62492370605469,-103.90795135498047,358.687255859375,26.0,0.0,-1.0,-1.0
521,521.0,1.7209110260009766,-0.8173788189888,90.7054214477539,-96.70084381103516,358.687255859375,26.0,0.0,-1.0,-1.0
522,522.0,1.7005867958068848,-0.826941967010498,91.74568176269531,-99.70380401611328,358.687255859375,26.0,0.0,-1.0,-1.0
523,523.0,1.695778727531433,-0.8028733134269714,94.603759765625,-97.96934509277344,358.687255859375,26.0,0.0,-1.0,-1.0
524,524.0,1.6733804941177368,-0.8024176359176636,96.94696044921875,-100.30439758300781,358.687255859375,26.0,0.0,-1.0,-1.0
525,525.0,1.8979228734970093,2.4049956798553467,-81.93663787841797,74.30577087402344,360.7127685546875,27.0,1.0,-1.0,-1.0
526,526.0,1.9456790685653687,2.3736021518707275,-75.69510650634766,73.1045913696289,360.7127685546875,27.0,1.0,-1.0,-1.0
527,527.0,1.9238938093185425,2.2464191913604736,-67.32305908203125,84.0018310546875,360.7127685546875,27.0,1.0,-1.0,-1.0
528,528.0,1.884195327758789,2.3116989135742188,-75.73824310302734,82.79702758789062,360.7127685546875,27.0,1.0,-1.0,-1.0
529,529.0,1.762449026107788,-0.8033279180526733,88.57492065429688,-91.80951690673828,360.7127685546875,27.0,0.0,-1.0,-1.0
530,530.0,1.74266517162323,-0.7894744277000427,91.74568176269531,-92.49671173095703,360.7127685546875,27.0,0.0,-1.0,-1.0
531,531.0,1.728257656097412,-0.793482780456543,92.78594207763672,-94.29847717285156,360.7127685546875,27.0,0.0,-1.0,-1.0
532,532.0,1.6604737043380737,-0.8504894375801086,93.8261947631836,-106.9109115600586,360.7127685546875,27.0,0.0,-1.0,-1.0
533,533.0,1.7007158994674683,-0.8036801815032959,94.55793762207031,-98.08013916015625,360.7127685546875,27.0,0.0,-1.0,-1.0
534,534.0,1.670943021774292,-0.8000672459602356,97.98721313476562,-100.90498352050781,360.7127685546875,27.0,0.0,-1.0,-1.0
535,535.0,1.6557652950286865,-0.7954805493354797,100.06771850585938,-102.1061782836914,360.7127685546875,27.0,0.0,-1.0,-1.0
536,536.0,1.6052796840667725,-0.759063720703125,109.53002166748047,-103.90795135498047,360.7127685546875,27.0,0.0,-1.0,-1.0
537,537.0,1.9666121006011963,2.3791563510894775,-74.65485382080078,71.30281829833984,361.6572570800781,28.0,1.0,-1.0,-1.0
538,538.0,1.869994044303894,2.258937358856201,-72.52433776855469,88.20596313476562,361.6572570800781,28.0,1.0,-1.0,-1.0
539,539.0,1.8866302967071533,2.3117222785949707,-75.74510955810547,82.80065155029297,361.6572570800781,28.0,1.0,-1.0,-1.0
540,540.0,1.6943848133087158,-0.8302472233772278,92.78594207763672,-101.50558471679688,361.6572570800781,28.0,0.0,-1.0,-1.0
541,541.0,1.6966522932052612,-0.8072371482849121,94.86643981933594,-99.10321807861328,361.6572570800781,28.0,0.0,-1.0,-1.0
542,542.0,1.6713306903839111,-0.8225303292274475,95.90670013427734,-103.3073501586914,361.6572570800781,28.0,0.0,-1.0,-1.0
543,543.0,1.700529932975769,-0.7926168441772461,95.90670013427734,-97.30143737792969,361.6572570800781,28.0,0.0,-1.0,-1.0
544,544.0,1.9653297662734985,2.4345555305480957,-79.9061279296875,68.27098846435547,367.6990051269531,29.0,1.0,-1.0,-1.0
545,545.0,1.8577055931091309,2.3353991508483887,-81.41385650634766,84.87232971191406,367.6990051269531,29.0,1.0,-1.0,-1.0
546,546.0,1.861607313156128,2.2969908714294434,-77.77561950683594,87.5765151977539,367.6990051269531,29.0,1.0,-1.0,-1.0
547,547.0,1.7039424180984497,-0.8046915531158447,95.95669555664062,-99.73268127441406,367.6990051269531,29.0,0.0,-1.0,-1.0
548,548.0,1.687892198562622,-0.7691904306411743,101.15797424316406,-97.930908203125,367.6990051269531,29.0,0.0,-1.0,-1.0
549,549.0,1.7448207139968872,-0.9453348517417908,83.32363891601562,-115.37691497802734,394.9490051269531,34.0,0.0,-1.0,-1.0
