,lcID,lcEta,lcPhi,lcX,lcY,lcZ,lcLayer,lcToTrack1,lcToTrack2,lcToTrack3,isSeed
0,0.0,1.8773670196533203,1.5531206130981445,1.7837588787078857,100.90499877929688,322.1027526855469,1.0,1.0,-1.0,-1.0,0.0
1,1.0,1.8907419443130493,1.47957444190979,9.065542221069336,99.10321807861328,322.1027526855469,1.0,1.0,-1.0,-1.0,0.0
2,2.0,1.907139778137207,1.4673066139221191,10.10579776763916,97.30143737792969,322.1027526855469,1.0,1.0,-1.0,-1.0,0.0
3,3.0,1.823996901512146,3.1359825134277344,-107.05274963378906,0.6005914211273193,323.0472717285156,2.0,0.0,-1.0,-1.0,0.0
4,4.0,1.778244972229004,3.1415927410125732,-112.35403442382812,0.0,323.0472717285156,2.0,0.0,-1.0,-1.0,0.0
5,5.0,1.803547978401184,3.0803675651550293,-109.18325805664062,6.693108081817627,323.0472717285156,2.0,0.0,-1.0,-1.0,0.0
6,6.0,1.9626140594482422,1.5070933103561401,5.894778251647949,92.41011047363281,323.0472717285156,2.0,1.0,-1.0,-1.0,0.0
7,7.0,1.9262032508850098,1.5306072235107422,3.864267110824585,96.10025787353516,323.0472717285156,2.0,1.0,-1.0,-1.0,0.0
8,8.0,1.8935397863388062,1.47957444190979,9.065543174743652,99.10321807861328,323.0472717285156,2.0,1.0,-1.0,-1.0,0.0
9,9.0,1.7297650575637817,3.034029483795166,-117.60530853271484,12.699024200439453,323.0472717285156,2.0,0.0,-1.0,-1.0,0.0
10,10.0,1.8207073211669922,3.1304805278778076,-108.093017578125,1.2011829614639282,325.07275390625,3.0,0.0,-1.0,-1.0,0.0
11,11.0,1.8851200342178345,3.076152801513672,-100.81122589111328,6.606505870819092,325.07275390625,3.0,0.0,-1.0,-1.0,0.0
12,12.0,1.9264733791351318,1.7374578714370728,-16.05057716369629,95.4130630493164,325.07275390625,3.0,1.0,-1.0,-1.0,0.0
13,13.0,1.8976898193359375,1.4789683818817139,9.143040657043457,99.28704071044922,325.07275390625,3.0,1.0,-1.0,-1.0,0.0
14,14.0,1.8610117435455322,1.4692890644073486,10.499466896057129,103.08006286621094,325.07275390625,3.0,1.0,-1.0,-1.0,0.0
15,15.0,1.8827271461486816,1.656988263130188,-8.718791961669922,100.90498352050781,325.07275390625,3.0,1.0,-1.0,-1.0,0.0
16,16.0,1.8364722728729248,1.5843126773834229,-1.437009334564209,106.31031036376953,325.07275390625,3.0,1.0,-1.0,-1.0,0.0
17,17.0,1.6642951965332031,3.1350953578948975,-127.66143035888672,0.8294726014137268,325.07275390625,3.0,0.0,-1.0,-1.0,0.0
18,18.0,2.0169026851654053,-3.093977928161621,-88.2281723022461,-4.2041401863098145,326.0173034667969,4.0,0.0,-1.0,-1.0,0.0
19,19.0,1.8234609365463257,3.1304805278778076,-108.093017578125,1.2011829614639282,326.0173034667969,4.0,0.0,-1.0,-1.0,0.0
20,20.0,1.832329273223877,3.113548755645752,-107.05274963378906,3.002957344055176,326.0173034667969,4.0,0.0,-1.0,-1.0,0.0
21,21.0,1.7517796754837036,-3.10037899017334,-116.51505279541016,-4.804731369018555,326.0173034667969,4.0,0.0,-1.0,-1.0,0.0
22,22.0,1.7866770029067993,3.120213747024536,-112.35403442382812,2.4023656845092773,326.0173034667969,4.0,0.0,-1.0,-1.0,0.0
23,23.0,1.812862753868103,3.103123903274536,-109.23326110839844,4.2041401863098145,326.0173034667969,4.0,0.0,-1.0,-1.0,0.0
24,24.0,1.9376004934310913,2.970795154571533,-94.51969909667969,16.30257225036621,326.0173034667969,4.0,0.0,-1.0,-1.0,0.0
25,25.0,1.8107203245162964,3.0584797859191895,-109.18325805664062,9.095475196838379,326.0173034667969,4.0,0.0,-1.0,-1.0,0.0
26,26.0,1.8947279453277588,1.563383936882019,0.7435035109519958,100.30439758300781,326.0173034667969,4.0,1.0,-1.0,-1.0,0.0
27,27.0,1.923659086227417,1.5203791856765747,4.904521942138672,97.19651794433594,326.0173034667969,4.0,1.0,-1.0,-1.0,0.0
28,28.0,1.944402813911438,1.4864305257797241,8.025286674499512,94.89907836914062,326.0173034667969,4.0,1.0,-1.0,-1.0,0.0
29,29.0,1.84197199344635,1.495023488998413,8.025290489196777,105.709716796875,326.0173034667969,4.0,1.0,-1.0,-1.0,0.0
30,30.0,1.8924061059951782,1.4808076620101929,9.036258697509766,100.14430236816406,326.0173034667969,4.0,1.0,-1.0,-1.0,0.0
31,31.0,1.8004295825958252,1.5175490379333496,5.894778251647949,110.6010513305664,326.0173034667969,4.0,1.0,-1.0,-1.0,0.0
32,32.0,1.870103120803833,-3.000239610671997,-101.90148162841797,-14.500797271728516,326.0173034667969,4.0,0.0,-1.0,-1.0,0.0
33,33.0,1.6155110597610474,1.5112926959991455,8.025290489196777,134.71131896972656,326.0172424316406,4.0,1.0,-1.0,-1.0,0.0
34,34.0,1.9156485795974731,3.123345375061035,-98.730712890625,1.801774501800537,328.0427551269531,5.0,0.0,-1.0,-1.0,0.0
35,35.0,1.792696475982666,3.130902051925659,-112.35403442382812,1.2011828422546387,328.0427551269531,5.0,0.0,-1.0,-1.0,0.0
36,36.0,1.8048784732818604,-3.1122379302978516,-110.87605285644531,-3.2556817531585693,328.0427551269531,5.0,0.0,-1.0,-1.0,0.0
37,37.0,1.822767734527588,3.1324474811553955,-108.84619903564453,0.9954343438148499,328.0427551269531,5.0,0.0,-1.0,-1.0,0.0
38,38.0,1.8967862129211426,1.4806609153747559,9.065543174743652,100.30440521240234,328.0427551269531,5.0,1.0,-1.0,-1.0,0.0
39,39.0,1.9246379137039185,1.4673066139221191,10.10579776763916,97.30143737792969,328.0427551269531,5.0,1.0,-1.0,-1.0,0.0
40,40.0,1.8400087356567383,1.4663333892822266,11.146055221557617,106.31031036376953,328.0427551269531,5.0,1.0,-1.0,-1.0,0.0
41,41.0,1.8036543130874634,1.4320837259292603,15.357071876525879,110.0004653930664,328.0427551269531,5.0,1.0,-1.0,-1.0,0.0
42,42.0,1.8111873865127563,1.4118748903274536,17.43758201599121,108.79928588867188,328.0427551269531,5.0,1.0,-1.0,-1.0,0.0
43,43.0,1.8390748500823975,1.5740370750427246,-0.3467516303062439,106.99750518798828,328.0427551269531,5.0,1.0,-1.0,-1.0,0.0
44,44.0,1.8401122093200684,3.0911433696746826,-107.05274963378906,5.405323505401611,328.9872741699219,6.0,0.0,-1.0,-1.0,0.0
45,45.0,1.869494915008545,3.1415927410125732,-103.9319839477539,0.0,328.9872741699219,6.0,0.0,-1.0,-1.0,0.0
46,46.0,1.7593239545822144,3.0798158645629883,-116.51505279541016,7.207098007202148,328.9872741699219,6.0,0.0,-1.0,-1.0,0.0
47,47.0,1.7736421823501587,3.123335599899292,-114.9598617553711,2.099072217941284,328.9872741699219,6.0,0.0,-1.0,-1.0,0.0
48,48.0,1.7951005697250366,-3.1136162281036377,-112.35403442382812,-3.144080638885498,328.9872741699219,6.0,0.0,-1.0,-1.0,0.0
49,49.0,1.8221291303634644,3.1327195167541504,-109.23333740234375,0.9692589044570923,328.9872741699219,6.0,0.0,-1.0,-1.0,0.0
50,50.0,1.8383029699325562,3.0680179595947266,-107.1027603149414,7.894291877746582,328.9872741699219,6.0,0.0,-1.0,-1.0,0.0
51,51.0,2.0049021244049072,1.6438628435134888,-6.588281631469727,90.00775146484375,328.9872741699219,6.0,1.0,-1.0,-1.0,0.0
52,52.0,1.8382108211517334,1.338082194328308,24.769367218017578,104.508544921875,328.9872741699219,6.0,1.0,-1.0,-1.0,0.0
53,53.0,1.8526995182037354,1.5342570543289185,3.8642706871032715,105.709716796875,328.9872741699219,6.0,1.0,-1.0,-1.0,0.0
54,54.0,1.8458935022354126,1.5051864385604858,6.9850358963012695,106.31031036376953,328.9872741699219,6.0,1.0,-1.0,-1.0,0.0
55,55.0,1.8960895538330078,1.4809515476226807,9.069015502929688,100.66917419433594,328.9872741699219,6.0,1.0,-1.0,-1.0,0.0
56,56.0,1.9632184505462646,1.4633564949035645,10.105794906616211,93.69789123535156,328.9872741699219,6.0,1.0,-1.0,-1.0,0.0
57,57.0,1.9318313598632812,1.4567959308624268,11.076537132263184,96.7409896850586,328.9872741699219,6.0,1.0,-1.0,-1.0,0.0
58,58.0,1.8086715936660767,1.4506818056106567,13.276562690734863,110.0004653930664,328.9872741699219,6.0,1.0,-1.0,-1.0,0.0
59,59.0,1.8000659942626953,1.4236119985580444,16.39732551574707,110.6010513305664,328.9872741699219,6.0,1.0,-1.0,-1.0,0.0
60,60.0,1.8341017961502075,-3.1174726486206055,-108.50159454345703,-2.6175739765167236,331.0127258300781,7.0,0.0,-1.0,-1.0,0.0
61,61.0,1.8753491640090942,3.1415927410125732,-103.9319839477539,0.0,331.0127258300781,7.0,0.0,-1.0,-1.0,0.0
62,62.0,1.7750556468963623,3.115593194961548,-115.47479248046875,3.002957344055176,331.0127258300781,7.0,0.0,-1.0,-1.0,0.0
63,63.0,1.7801814079284668,3.139312267303467,-114.88831329345703,0.2619820535182953,331.0127258300781,7.0,0.0,-1.0,-1.0,0.0
64,64.0,1.7830910682678223,3.09963059425354,-114.43453979492188,4.804731369018555,331.0127258300781,7.0,0.0,-1.0,-1.0,0.0
65,65.0,1.7924388647079468,-3.125704526901245,-113.394287109375,-1.801774501800537,331.0127258300781,7.0,0.0,-1.0,-1.0,0.0
66,66.0,1.822900652885437,3.1311724185943604,-109.81490325927734,1.1443501710891724,331.0127258300781,7.0,0.0,-1.0,-1.0,0.0
67,67.0,1.9478278160095215,2.9462223052978516,-94.51969909667969,18.704938888549805,331.0127258300781,7.0,0.0,-1.0,-1.0,0.0
68,68.0,2.0045676231384277,1.435677409172058,12.236307144165039,90.00775146484375,331.0127258300781,7.0,1.0,-1.0,-1.0,0.0
69,69.0,1.9691399335861206,1.3734443187713623,18.47783851623535,92.41011047363281,331.0127258300781,7.0,1.0,-1.0,-1.0,0.0
70,70.0,1.9162137508392334,1.5424339771270752,2.8240132331848145,99.54232025146484,331.0127258300781,7.0,1.0,-1.0,-1.0,0.0
71,71.0,1.8804347515106201,1.5334081649780273,3.864269971847534,103.3073501586914,331.0127258300781,7.0,1.0,-1.0,-1.0,0.0
72,72.0,1.922395944595337,1.5157479047775269,5.443830966949463,98.7918472290039,331.0127258300781,7.0,1.0,-1.0,-1.0,0.0
73,73.0,1.8950767517089844,1.479907751083374,9.2403564453125,101.38675689697266,331.0127258300781,7.0,1.0,-1.0,-1.0,0.0
74,74.0,1.8653810024261475,1.4504464864730835,12.609143257141113,104.264404296875,331.0127258300781,7.0,1.0,-1.0,-1.0,0.0
75,75.0,1.8422824144363403,1.4573005437850952,12.186311721801758,106.91089630126953,331.0127258300781,7.0,1.0,-1.0,-1.0,0.0
76,76.0,1.9210255146026611,1.4327062368392944,13.638988494873047,98.14014434814453,331.0127258300781,7.0,1.0,-1.0,-1.0,0.0
77,77.0,1.7859711647033691,1.4266973733901978,16.39732551574707,113.00341796875,331.0127258300781,7.0,1.0,-1.0,-1.0,0.0
78,78.0,1.6411136388778687,-3.1235668659210205,-133.25912475585938,-2.4023656845092773,331.0127868652344,7.0,0.0,-1.0,-1.0,0.0
79,79.0,1.698907732963562,-3.0641093254089355,-124.8870849609375,-9.696064949035645,331.0127868652344,7.0,0.0,-1.0,-1.0,0.0
80,80.0,1.7243746519088745,-3.0024843215942383,-120.72606658935547,-16.90316390991211,331.0127868652344,7.0,0.0,-1.0,-1.0,0.0
81,81.0,1.8402994871139526,-3.1135690212249756,-108.09302520751953,-3.029953718185425,331.9572448730469,8.0,0.0,-1.0,-1.0,0.0
82,82.0,1.8486608266830444,-3.0911433696746826,-107.05274963378906,-5.405323505401611,331.9572448730469,8.0,0.0,-1.0,-1.0,0.0
83,83.0,1.8638824224472046,3.138727903366089,-105.48905181884766,0.3022124767303467,331.9572448730469,8.0,0.0,-1.0,-1.0,0.0
84,84.0,1.8666834831237793,3.078739881515503,-104.97225189208984,6.606505870819092,331.9572448730469,8.0,0.0,-1.0,-1.0,0.0
85,85.0,1.8774948120117188,3.1069343090057373,-103.9319839477539,3.603549003601074,331.9572448730469,8.0,0.0,-1.0,-1.0,0.0
86,86.0,1.914638638496399,-3.069481372833252,-99.7709732055664,-7.207098007202148,331.9572448730469,8.0,0.0,-1.0,-1.0,0.0
87,87.0,1.9684957265853882,-3.135241985321045,-94.56969451904297,-0.6005914211273193,331.9572448730469,8.0,0.0,-1.0,-1.0,0.0
88,88.0,1.7117036581039429,-3.0979576110839844,-123.79682922363281,-5.405323505401611,331.9572448730469,8.0,0.0,-1.0,-1.0,0.0
89,89.0,1.736369013786316,3.121687650680542,-120.67607116699219,2.4023659229278564,331.9572448730469,8.0,0.0,-1.0,-1.0,0.0
90,90.0,1.7529159784317017,3.1415927410125732,-118.59556579589844,0.0,331.9572448730469,8.0,0.0,-1.0,-1.0,0.0
91,91.0,1.8216447830200195,3.1307003498077393,-110.27352142333984,1.2011829614639282,331.9572448730469,8.0,0.0,-1.0,-1.0,0.0
92,92.0,1.828974962234497,3.0741770267486572,-109.18326568603516,7.371826648712158,331.9572448730469,8.0,0.0,-1.0,-1.0,0.0
93,93.0,1.9849692583084106,1.461336374282837,10.155797004699707,92.41011047363281,331.9572448730469,8.0,1.0,-1.0,-1.0,0.0
94,94.0,2.015284299850464,1.528444528579712,3.814268112182617,90.00775146484375,331.9572448730469,8.0,1.0,-1.0,-1.0,0.0
95,95.0,1.9088821411132812,1.3961360454559326,17.48758316040039,99.10321807861328,331.9572448730469,8.0,1.0,-1.0,-1.0,0.0
96,96.0,1.886658787727356,1.4001891613006592,17.48758316040039,101.50558471679688,331.9572448730469,8.0,1.0,-1.0,-1.0,0.0
97,97.0,1.9340521097183228,1.5207419395446777,4.90452241897583,97.90203857421875,331.9572448730469,8.0,1.0,-1.0,-1.0,0.0
98,98.0,1.8883030414581299,1.5230798721313477,4.904524803161621,102.7067642211914,331.9572448730469,8.0,1.0,-1.0,-1.0,0.0
99,99.0,1.8532674312591553,1.5210723876953125,5.301946640014648,106.5397720336914,331.9572448730469,8.0,1.0,-1.0,-1.0,0.0
100,100.0,1.9686459302902222,1.496857762336731,6.9850311279296875,94.29847717285156,331.9572448730469,8.0,1.0,-1.0,-1.0,0.0
101,101.0,1.9429011344909668,1.4773211479187012,9.065542221069336,96.70084381103516,331.9572448730469,8.0,1.0,-1.0,-1.0,0.0
102,102.0,1.8963598012924194,1.4810118675231934,9.142172813415527,101.54981994628906,331.9572448730469,8.0,1.0,-1.0,-1.0,0.0
103,103.0,1.851293683052063,1.4663333892822266,11.146055221557617,106.31031036376953,331.9572448730469,8.0,1.0,-1.0,-1.0,0.0
104,104.0,1.9151077270507812,1.4381178617477417,13.2265625,99.10321807861328,331.9572448730469,8.0,1.0,-1.0,-1.0,0.0
105,105.0,1.8898887634277344,1.421123743057251,15.307073593139648,101.5055923461914,331.9572448730469,8.0,1.0,-1.0,-1.0,0.0
106,106.0,1.8085789680480957,1.4236119985580444,16.39732551574707,110.6010513305664,331.9572448730469,8.0,1.0,-1.0,-1.0,0.0
107,107.0,1.7481434345245361,1.3619000911712646,24.71936798095703,116.60697174072266,331.9572448730469,8.0,1.0,-1.0,-1.0,0.0
108,108.0,1.8016996383666992,-3.0660946369171143,-112.30402374267578,-8.494882583618164,331.9572448730469,8.0,0.0,-1.0,-1.0,0.0
109,109.0,1.6732497215270996,-3.122986078262329,-129.09811401367188,-2.4023656845092773,331.957275390625,8.0,0.0,-1.0,-1.0,0.0
110,110.0,1.7155965566635132,3.04339337348938,-122.80658721923828,12.098432540893555,331.957275390625,8.0,0.0,-1.0,-1.0,0.0
111,111.0,1.7216722965240479,2.9961647987365723,-121.30989837646484,17.767282485961914,331.957275390625,8.0,0.0,-1.0,-1.0,0.0
112,112.0,1.722967267036438,1.4966847896575928,9.065540313720703,122.09890747070312,331.957275390625,8.0,1.0,-1.0,-1.0,0.0
113,113.0,1.6957368850708008,-3.098008394241333,-125.92733764648438,-5.49192476272583,331.957275390625,8.0,0.0,-1.0,-1.0,0.0
114,114.0,1.5765446424484253,-3.044471025466919,-142.6714324951172,-13.900205612182617,331.957275390625,8.0,0.0,-1.0,-1.0,0.0
115,115.0,1.8649053573608398,-3.130262613296509,-106.01250457763672,-1.2011828422546387,333.9827575683594,9.0,0.0,-1.0,-1.0,0.0
116,116.0,1.882855772972107,3.095396041870117,-103.9319839477539,4.804731369018555,333.9827575683594,9.0,0.0,-1.0,-1.0,0.0
117,117.0,1.9029335975646973,-3.1180100440979004,-101.85148620605469,-2.4023656845092773,333.9827575683594,9.0,0.0,-1.0,-1.0,0.0
118,118.0,1.7259290218353271,3.116945743560791,-122.75657653808594,3.0261857509613037,333.9827575683594,9.0,0.0,-1.0,-1.0,0.0
119,119.0,1.7489877939224243,3.0864269733428955,-119.63581085205078,6.606505870819092,333.9827575683594,9.0,0.0,-1.0,-1.0,0.0
120,120.0,1.7753411531448364,3.1415927410125732,-116.51505279541016,0.0,333.9827575683594,9.0,0.0,-1.0,-1.0,0.0
121,121.0,1.7831870317459106,-3.105201244354248,-115.47479248046875,-4.2041401863098145,333.9827575683594,9.0,0.0,-1.0,-1.0,0.0
122,122.0,1.79106867313385,-3.0891573429107666,-114.43453979492188,-6.005914688110352,333.9827575683594,9.0,0.0,-1.0,-1.0,0.0
123,123.0,1.8113627433776855,-3.0859649181365967,-111.9887924194336,-6.236129283905029,333.9827575683594,9.0,0.0,-1.0,-1.0,0.0
124,124.0,1.8227113485336304,3.1314666271209717,-110.82266235351562,1.1222374439239502,333.9827575683594,9.0,0.0,-1.0,-1.0,1.0
125,125.0,1.7885102033615112,3.0466108322143555,-114.38453674316406,10.897249221801758,333.9827575683594,9.0,0.0,-1.0,-1.0,0.0
126,126.0,1.7955257892608643,3.0300185680389404,-113.34428405761719,12.699024200439453,333.9827575683594,9.0,0.0,-1.0,-1.0,0.0
127,127.0,2.0204122066497803,1.426591396331787,12.956217765808105,89.22219848632812,333.9827575683594,9.0,1.0,-1.0,-1.0,0.0
128,128.0,2.001552104949951,1.5179694890975952,4.854522705078125,91.80951690673828,333.9827575683594,9.0,1.0,-1.0,-1.0,0.0
129,129.0,1.8429529666900635,1.3699071407318115,21.648603439331055,106.31031036376953,333.9827575683594,9.0,1.0,-1.0,-1.0,0.0
130,130.0,1.9293668270111084,1.5632941722869873,0.7435030341148376,99.10321807861328,333.9827575683594,9.0,1.0,-1.0,-1.0,0.0
131,131.0,1.918436884880066,1.5322377681732178,3.864269256591797,100.16840362548828,333.9827575683594,9.0,1.0,-1.0,-1.0,0.0
132,132.0,1.8286644220352173,1.5073316097259521,6.985037326812744,109.91385650634766,333.9827575683594,9.0,1.0,-1.0,-1.0,0.0
133,133.0,1.895723819732666,1.4810887575149536,9.196222305297852,102.23815155029297,333.9827575683594,9.0,1.0,-1.0,-1.0,1.0
134,134.0,1.8421534299850464,1.4775919914245605,10.105801582336426,108.11209106445312,333.9827575683594,9.0,1.0,-1.0,-1.0,0.0
135,135.0,1.9072946310043335,1.4088999032974243,16.347328186035156,100.09027099609375,333.9827575683594,9.0,1.0,-1.0,-1.0,0.0
136,136.0,1.873037338256836,1.5844670534133911,-1.4370088577270508,105.109130859375,333.9827575683594,9.0,1.0,-1.0,-1.0,0.0
137,137.0,1.8454071283340454,1.5547738075256348,1.7337582111358643,108.19869995117188,333.9827575683594,9.0,1.0,-1.0,-1.0,0.0
138,138.0,1.806646704673767,-3.0554685592651367,-112.30402374267578,-9.696064949035645,333.9827575683594,9.0,0.0,-1.0,-1.0,0.0
139,139.0,1.7014226913452148,-3.1082327365875244,-125.97734069824219,-4.2041401863098145,333.9827575683594,9.0,0.0,-1.0,-1.0,0.0
140,140.0,1.7073312997817993,3.0740981101989746,-124.96906280517578,8.447548866271973,333.9827575683594,9.0,0.0,-1.0,-1.0,0.0
141,141.0,1.7009952068328857,-3.0884921550750732,-125.92733764648438,-6.693108081817627,333.9827575683594,9.0,0.0,-1.0,-1.0,0.0
142,142.0,2.127138376235962,-3.1119229793548584,-80.9463882446289,-2.4023656845092773,334.92724609375,10.0,0.0,-1.0,-1.0,0.0
143,143.0,1.857619285583496,-3.1023411750793457,-107.05274963378906,-4.2041401863098145,334.92724609375,10.0,0.0,-1.0,-1.0,0.0
144,144.0,1.7690140008926392,-3.105844736099243,-117.55530548095703,-4.2041401863098145,334.92724609375,10.0,0.0,-1.0,-1.0,0.0
145,145.0,1.7686207294464111,3.095643997192383,-117.55530548095703,5.405323505401611,334.92724609375,10.0,0.0,-1.0,-1.0,0.0
146,146.0,1.777957797050476,-3.131283760070801,-116.51505279541016,-1.2011828422546387,334.92724609375,10.0,0.0,-1.0,-1.0,0.0
147,147.0,1.7863672971725464,3.125990629196167,-115.47479248046875,1.801774501800537,334.92724609375,10.0,0.0,-1.0,-1.0,0.0
148,148.0,1.7984743118286133,-3.0967605113983154,-113.90567779541016,-5.110071182250977,334.92724609375,10.0,0.0,-1.0,-1.0,0.0
149,149.0,1.7983970642089844,3.081447124481201,-113.8233642578125,6.854230880737305,334.92724609375,10.0,0.0,-1.0,-1.0,0.0
150,150.0,1.8201261758804321,-3.093071460723877,-111.31377410888672,-5.405323505401611,334.92724609375,10.0,0.0,-1.0,-1.0,0.0
151,151.0,1.822205662727356,3.131603479385376,-111.19544219970703,1.1107840538024902,334.92724609375,10.0,0.0,-1.0,-1.0,0.0
152,152.0,1.7742977142333984,3.048297643661499,-116.46505737304688,10.897249221801758,334.92724609375,10.0,0.0,-1.0,-1.0,0.0
153,153.0,2.0355076789855957,1.3015296459197998,23.679113388061523,85.80360412597656,334.92724609375,10.0,1.0,-1.0,-1.0,0.0
154,154.0,1.903365969657898,1.5533283948898315,1.7837592363357544,102.1061782836914,334.92724609375,10.0,1.0,-1.0,-1.0,0.0
155,155.0,1.910096287727356,1.5326801538467407,3.864269256591797,101.33229064941406,334.92724609375,10.0,1.0,-1.0,-1.0,0.0
156,156.0,1.8942861557006836,1.4815007448196411,9.19379711151123,102.68540954589844,334.92724609375,10.0,1.0,-1.0,-1.0,0.0
157,157.0,1.8404123783111572,1.4875988960266113,9.065546989440918,108.71268463134766,334.92724609375,10.0,1.0,-1.0,-1.0,0.0
158,158.0,1.8811919689178467,1.430721402168274,14.592693328857422,103.49549865722656,334.92724609375,10.0,1.0,-1.0,-1.0,0.0
159,159.0,1.9320006370544434,1.5852954387664795,-1.4370063543319702,99.10321807861328,334.92724609375,10.0,1.0,-1.0,-1.0,0.0
160,160.0,1.8256452083587646,1.4506818056106567,13.276562690734863,110.0004653930664,334.92724609375,10.0,1.0,-1.0,-1.0,0.0
161,161.0,1.760677695274353,1.4498628377914429,14.316818237304688,117.80815887451172,334.92724609375,10.0,1.0,-1.0,-1.0,0.0
162,162.0,1.782073736190796,1.5827521085739136,-1.3870065212249756,116.00637817382812,334.92724609375,10.0,1.0,-1.0,-1.0,0.0
163,163.0,1.7539256811141968,-3.0199763774871826,-118.64556121826172,-14.500797271728516,334.9272766113281,10.0,0.0,-1.0,-1.0,0.0
164,164.0,1.8721699714660645,-3.090649127960205,-106.01251220703125,-5.405323505401611,336.9527587890625,11.0,0.0,-1.0,-1.0,0.0
165,165.0,1.891311764717102,3.095396041870117,-103.9319839477539,4.804731369018555,336.9527587890625,11.0,0.0,-1.0,-1.0,0.0
166,166.0,1.9011507034301758,-3.100755453109741,-102.89173126220703,-4.2041401863098145,336.9527587890625,11.0,0.0,-1.0,-1.0,0.0
167,167.0,1.757325291633606,3.0864269733428955,-119.63581085205078,6.606505870819092,336.9527587890625,11.0,0.0,-1.0,-1.0,0.0
168,168.0,1.766945242881775,3.131464719772339,-118.59556579589844,1.2011828422546387,336.9527587890625,11.0,0.0,-1.0,-1.0,0.0
169,169.0,1.7836542129516602,3.131283760070801,-116.51505279541016,1.2011828422546387,336.9527587890625,11.0,0.0,-1.0,-1.0,0.0
170,170.0,1.7824506759643555,3.0900919437408447,-116.51505279541016,6.005914688110352,336.9527587890625,11.0,0.0,-1.0,-1.0,0.0
171,171.0,1.8229477405548096,3.130905866622925,-111.77967071533203,1.1946126222610474,336.9527587890625,11.0,0.0,-1.0,-1.0,0.0
172,172.0,1.8353792428970337,-3.1089260578155518,-110.27351379394531,-3.603549003601074,336.9527587890625,11.0,0.0,-1.0,-1.0,0.0
173,173.0,1.8075248003005981,3.0720560550689697,-113.34428405761719,7.894291877746582,336.9527587890625,11.0,0.0,-1.0,-1.0,0.0
174,174.0,1.8757083415985107,3.069392681121826,-105.48169708251953,7.629029750823975,336.9527587890625,11.0,0.0,-1.0,-1.0,0.0
175,175.0,1.9815647602081299,1.4190332889556885,14.316818237304688,93.61129760742188,336.9527587890625,11.0,1.0,-1.0,-1.0,0.0
176,176.0,1.8548574447631836,1.388767957687378,19.568092346191406,106.31031036376953,336.9527587890625,11.0,1.0,-1.0,-1.0,0.0
177,177.0,1.9064406156539917,1.5583776235580444,1.2717645168304443,102.40178680419922,336.9527587890625,11.0,1.0,-1.0,-1.0,0.0
178,178.0,1.9703646898269653,1.5367368459701538,3.2625532150268555,95.75286102294922,336.9527587890625,11.0,1.0,-1.0,-1.0,0.0
179,179.0,1.9254101514816284,1.5395128726959229,3.140380382537842,100.35179138183594,336.9527587890625,11.0,1.0,-1.0,-1.0,0.0
180,180.0,1.8840398788452148,1.5487561225891113,2.3104639053344727,104.81263732910156,336.9527587890625,11.0,1.0,-1.0,-1.0,0.0
181,181.0,1.9483857154846191,1.5207419395446777,4.90452241897583,97.90203857421875,336.9527587890625,11.0,1.0,-1.0,-1.0,0.0
182,182.0,1.8427977561950684,1.5164668560028076,5.94478178024292,109.31327056884766,336.9527587890625,11.0,1.0,-1.0,-1.0,0.0
183,183.0,1.9640984535217285,1.4874801635742188,8.025286674499512,96.10025787353516,336.9527587890625,11.0,1.0,-1.0,-1.0,0.0
184,184.0,1.8953860998153687,1.480615496635437,9.33011245727539,103.17936706542969,336.9527587890625,11.0,1.0,-1.0,-1.0,0.0
185,185.0,1.974115014076233,1.4647061824798584,10.105796813964844,94.89907836914062,336.9527587890625,11.0,1.0,-1.0,-1.0,0.0
186,186.0,1.8401554822921753,1.4786102771759033,10.105801582336426,109.31326293945312,336.9527587890625,11.0,1.0,-1.0,-1.0,0.0
187,187.0,1.9327682256698608,1.4295367002487183,14.027393341064453,98.64085388183594,336.9527587890625,11.0,1.0,-1.0,-1.0,0.0
188,188.0,1.8693467378616333,1.431968092918396,14.73291015625,105.44062042236328,336.9527587890625,11.0,1.0,-1.0,-1.0,0.0
189,189.0,1.823136329650879,1.470452070236206,11.196051597595215,111.20164489746094,336.9527587890625,11.0,1.0,-1.0,-1.0,0.0
190,190.0,1.842871069908142,1.5359450578689575,3.814268112182617,109.3998794555664,336.9527587890625,11.0,1.0,-1.0,-1.0,0.0
191,191.0,2.0703370571136475,-2.972928047180176,-85.15739440917969,-14.500797271728516,336.9527587890625,11.0,0.0,-1.0,-1.0,0.0
192,192.0,1.834241271018982,-3.075517177581787,-110.22352600097656,-7.293699741363525,336.9527587890625,11.0,0.0,-1.0,-1.0,0.0
193,193.0,1.845965027809143,-3.008298635482788,-108.14300537109375,-14.500797271728516,336.9527587890625,11.0,0.0,-1.0,-1.0,0.0
194,194.0,1.7081668376922607,3.0694899559020996,-125.92733764648438,9.095475196838379,336.9527587890625,11.0,0.0,-1.0,-1.0,0.0
195,195.0,1.7148224115371704,3.054556369781494,-124.8870849609375,10.897249221801758,336.9527587890625,11.0,0.0,-1.0,-1.0,0.0
196,196.0,1.7248560190200806,3.087601661682129,-123.84683990478516,6.693108081817627,336.9527587890625,11.0,0.0,-1.0,-1.0,0.0
197,197.0,1.7312268018722534,-3.0628020763397217,-122.80658721923828,-9.696064949035645,336.9527587890625,11.0,0.0,-1.0,-1.0,0.0
198,198.0,1.8847264051437378,-3.1015639305114746,-104.97225189208984,-4.2041401863098145,337.8972473144531,12.0,0.0,-1.0,-1.0,0.0
199,199.0,1.8842273950576782,3.0901451110839844,-104.97225189208984,5.405323505401611,337.8972473144531,12.0,0.0,-1.0,-1.0,0.0
200,200.0,1.9042185544967651,-3.112415313720703,-102.89173126220703,-3.002957344055176,337.8972473144531,12.0,0.0,-1.0,-1.0,0.0
201,201.0,1.9038280248641968,3.100755453109741,-102.89173126220703,4.2041401863098145,337.8972473144531,12.0,0.0,-1.0,-1.0,0.0
202,202.0,1.9543554782867432,3.1415927410125732,-97.69046783447266,0.0,337.8972473144531,12.0,0.0,-1.0,-1.0,0.0
203,203.0,1.7292203903198242,-3.1367411613464355,-123.79682922363281,-0.6005914211273193,337.8972473144531,12.0,0.0,-1.0,-1.0,0.0
204,204.0,1.7360352277755737,-3.0927062034606934,-122.75658416748047,-6.005914688110352,337.8972473144531,12.0,0.0,-1.0,-1.0,0.0
205,205.0,1.7611011266708374,-3.116497039794922,-119.63581085205078,-3.002957344055176,337.8972473144531,12.0,0.0,-1.0,-1.0,0.0
206,206.0,1.7608163356781006,3.106466054916382,-119.63581085205078,4.2041401863098145,337.8972473144531,12.0,0.0,-1.0,-1.0,0.0
207,207.0,1.7696343660354614,3.1415927410125732,-118.59556579589844,0.0,337.8972473144531,12.0,0.0,-1.0,-1.0,0.0
208,208.0,1.7769540548324585,3.095643997192383,-117.55530548095703,5.405323505401611,337.8972473144531,12.0,0.0,-1.0,-1.0,0.0
209,209.0,1.7838953733444214,3.0695528984069824,-116.51505279541016,8.408280372619629,337.8972473144531,12.0,0.0,-1.0,-1.0,0.0
210,210.0,1.7937971353530884,-3.0948171615600586,-115.47479248046875,-5.405323505401611,337.8972473144531,12.0,0.0,-1.0,-1.0,0.0
211,211.0,1.8220995664596558,3.1300535202026367,-112.19215393066406,1.2946468591690063,337.8972473144531,12.0,0.0,-1.0,-1.0,0.0
212,212.0,1.8455168008804321,3.0694150924682617,-109.18325805664062,7.894291877746582,337.8972473144531,12.0,0.0,-1.0,-1.0,0.0
213,213.0,1.84996497631073,3.0192253589630127,-108.14300537109375,13.299614906311035,337.8972473144531,12.0,0.0,-1.0,-1.0,0.0
214,214.0,2.0041558742523193,1.4271819591522217,13.276562690734863,91.80951690673828,337.8972473144531,12.0,1.0,-1.0,-1.0,0.0
215,215.0,1.9341970682144165,1.972825050354004,-39.03618240356445,91.80951690673828,337.8972473144531,12.0,1.0,-1.0,-1.0,0.0
216,216.0,1.9146710634231567,1.3981860876083374,17.48758316040039,100.30439758300781,337.8972473144531,12.0,1.0,-1.0,-1.0,0.0
217,217.0,1.922591209411621,1.5325188636779785,3.8642690181732178,100.90499877929688,337.8972473144531,12.0,1.0,-1.0,-1.0,0.0
218,218.0,1.883208990097046,1.524168848991394,4.9045257568359375,105.109130859375,337.8972473144531,12.0,1.0,-1.0,-1.0,0.0
219,219.0,1.9330720901489258,1.511242389678955,5.9447784423828125,99.70380401611328,337.8972473144531,12.0,1.0,-1.0,-1.0,0.0
220,220.0,1.8523826599121094,1.5101699829101562,6.584914684295654,108.48167419433594,337.8972473144531,12.0,1.0,-1.0,-1.0,0.0
221,221.0,1.895570993423462,1.4802640676498413,9.3908052444458,103.44528198242188,337.8972473144531,12.0,1.0,-1.0,-1.0,0.0
222,222.0,1.8428173065185547,1.4786102771759033,10.105801582336426,109.31326293945312,337.8972473144531,12.0,1.0,-1.0,-1.0,0.0
223,223.0,1.9552336931228638,1.434861660003662,13.226560592651367,96.70084381103516,337.8972473144531,12.0,1.0,-1.0,-1.0,0.0
224,224.0,1.9251787662506104,1.6264125108718872,-5.598027229309082,100.55094909667969,337.8972473144531,12.0,1.0,-1.0,-1.0,0.0
225,225.0,1.7875770330429077,1.4923795461654663,9.1155424118042,116.00637817382812,337.8972473144531,12.0,1.0,-1.0,-1.0,0.0
226,226.0,1.8523199558258057,1.4290275573730469,15.357071876525879,107.59809875488281,337.8972473144531,12.0,1.0,-1.0,-1.0,0.0
227,227.0,1.8455336093902588,1.5359450578689575,3.814268112182617,109.3998794555664,337.8972473144531,12.0,1.0,-1.0,-1.0,0.0
228,228.0,1.8194983005523682,1.5276345014572144,4.854522705078125,112.40283203125,337.8972473144531,12.0,1.0,-1.0,-1.0,0.0
229,229.0,1.8467952013015747,-3.0913350582122803,-109.18325805664062,-5.49192476272583,337.8972473144531,12.0,0.0,-1.0,-1.0,0.0
230,230.0,1.6975113153457642,3.1369025707244873,-128.05784606933594,0.6005914211273193,337.8973083496094,12.0,0.0,-1.0,-1.0,0.0
231,231.0,1.7198880910873413,3.0928471088409424,-124.8870849609375,6.092516899108887,337.8973083496094,12.0,0.0,-1.0,-1.0,0.0
232,232.0,1.746328353881836,3.0502452850341797,-121.05863952636719,11.089261054992676,337.8973083496094,12.0,0.0,-1.0,-1.0,0.0
233,233.0,1.8910599946975708,-3.124429941177368,-104.97225189208984,-1.801774501800537,339.9227600097656,13.0,0.0,-1.0,-1.0,0.0
234,234.0,1.9004653692245483,3.1184818744659424,-103.9319839477539,2.4023656845092773,339.9227600097656,13.0,0.0,-1.0,-1.0,0.0
235,235.0,1.767021894454956,3.1365725994110107,-119.63581085205078,0.6005914211273193,339.9227600097656,13.0,0.0,-1.0,-1.0,0.0
236,236.0,1.769318699836731,3.1045618057250977,-119.26457214355469,4.418475151062012,339.9227600097656,13.0,0.0,-1.0,-1.0,0.0
237,237.0,1.8077586889266968,3.0891573429107666,-114.4345474243164,6.00591516494751,339.9227600097656,13.0,0.0,-1.0,-1.0,0.0
238,238.0,1.8226300477981567,3.131803274154663,-112.80371856689453,1.1043254137039185,339.9227600097656,13.0,0.0,-1.0,-1.0,0.0
239,239.0,1.7891416549682617,3.0585312843322754,-116.46505737304688,9.696066856384277,339.9227600097656,13.0,0.0,-1.0,-1.0,0.0
240,240.0,1.7952052354812622,3.032013416290283,-115.42479705810547,12.699024200439453,339.9227600097656,13.0,0.0,-1.0,-1.0,0.0
241,241.0,1.8519004583358765,3.0803675651550293,-109.18326568603516,6.693108558654785,339.9227600097656,13.0,0.0,-1.0,-1.0,0.0
242,242.0,1.8694360256195068,3.0680179595947266,-107.1027603149414,7.894291877746582,339.9227600097656,13.0,0.0,-1.0,-1.0,0.0
243,243.0,2.023282051086426,1.3905956745147705,16.39732551574707,90.00775146484375,339.9227600097656,13.0,1.0,-1.0,-1.0,0.0
244,244.0,1.9343435764312744,1.3745335340499878,19.568092346191406,98.42005157470703,339.9227600097656,13.0,1.0,-1.0,-1.0,0.0
245,245.0,1.839974045753479,1.2674192190170288,33.091407775878906,105.709716796875,339.9227600097656,13.0,1.0,-1.0,-1.0,0.0
246,246.0,1.9343658685684204,1.542649269104004,2.8240137100219727,100.30439758300781,339.9227600097656,13.0,1.0,-1.0,-1.0,0.0
247,247.0,1.8892860412597656,1.5445622205734253,2.7590606212615967,105.14663696289062,339.9227600097656,13.0,1.0,-1.0,-1.0,0.0
248,248.0,1.905817985534668,1.5334081649780273,3.864269971847534,103.30735778808594,339.9227600097656,13.0,1.0,-1.0,-1.0,0.0
249,249.0,1.8705110549926758,1.530344009399414,4.338225841522217,107.18453979492188,339.9227600097656,13.0,1.0,-1.0,-1.0,0.0
250,250.0,1.8511474132537842,1.5164668560028076,5.94478178024292,109.31327056884766,339.9227600097656,13.0,1.0,-1.0,-1.0,0.0
251,251.0,1.979347586631775,1.4977843761444092,6.9850311279296875,95.49967193603516,339.9227600097656,13.0,1.0,-1.0,-1.0,0.0
252,252.0,1.9656802415847778,1.4773211479187012,9.065542221069336,96.70084381103516,339.9227600097656,13.0,1.0,-1.0,-1.0,0.0
253,253.0,1.8951829671859741,1.4792484045028687,9.556670188903809,104.09798431396484,339.9227600097656,13.0,1.0,-1.0,-1.0,0.0
254,254.0,1.944851040840149,1.4477062225341797,12.186306953430176,98.50262451171875,339.9227600097656,13.0,1.0,-1.0,-1.0,0.0
255,255.0,1.976915955543518,1.672632098197937,-9.75904369354248,95.49967193603516,339.9227600097656,13.0,1.0,-1.0,-1.0,0.0
256,256.0,1.7461012601852417,1.3846497535705566,22.638858795166016,120.21051788330078,339.9227600097656,13.0,1.0,-1.0,-1.0,0.0
257,257.0,1.866933822631836,1.5763710737228394,-0.6002644300460815,107.67384338378906,339.9227600097656,13.0,1.0,-1.0,-1.0,0.0
258,258.0,1.8170901536941528,1.531397819519043,4.469374179840088,113.38165283203125,339.9227600097656,13.0,1.0,-1.0,-1.0,0.0
259,259.0,1.8248919248580933,-3.076737642288208,-112.30402374267578,-7.293700218200684,339.9227600097656,13.0,0.0,-1.0,-1.0,0.0
260,260.0,1.8425838947296143,-3.075517177581787,-110.22351837158203,-7.293700218200684,339.9227600097656,13.0,0.0,-1.0,-1.0,0.0
261,261.0,1.8616726398468018,-3.0895676612854004,-108.12506866455078,-5.630275249481201,339.9227600097656,13.0,0.0,-1.0,-1.0,0.0
262,262.0,1.8763216733932495,-3.039208173751831,-106.0625,-10.897249221801758,339.9227600097656,13.0,0.0,-1.0,-1.0,0.0
263,263.0,1.897080659866333,-3.0600779056549072,-103.98198699951172,-8.494882583618164,339.9227600097656,13.0,0.0,-1.0,-1.0,0.0
264,264.0,1.9012362957000732,-3.0073745250701904,-102.94174194335938,-13.900205612182617,339.9227600097656,13.0,0.0,-1.0,-1.0,0.0
265,265.0,1.7631624937057495,3.0557732582092285,-119.68582153320312,10.29665756225586,339.9227600097656,13.0,0.0,-1.0,-1.0,0.0
266,266.0,1.8695974349975586,3.0940494537353516,-107.55178833007812,5.1172051429748535,340.8672180175781,14.0,0.0,-1.0,-1.0,0.0
267,267.0,1.8938363790512085,3.135871171951294,-104.97225189208984,0.6005914211273193,340.8672180175781,14.0,0.0,-1.0,-1.0,0.0
268,268.0,1.7941749095916748,-3.1106748580932617,-116.51505279541016,-3.603549003601074,340.8672180175781,14.0,0.0,-1.0,-1.0,0.0
269,269.0,1.8221272230148315,3.1316044330596924,-113.17686462402344,1.1304659843444824,340.8672180175781,14.0,0.0,-1.0,-1.0,0.0
270,270.0,1.8366508483886719,3.081509828567505,-111.26377868652344,6.693108081817627,340.8672180175781,14.0,0.0,-1.0,-1.0,0.0
271,271.0,1.842674970626831,3.0430479049682617,-110.22351837158203,10.897249221801758,340.8672180175781,14.0,0.0,-1.0,-1.0,0.0
272,272.0,1.8902450799942017,1.4040600061416626,17.48758316040039,103.90795135498047,340.8672180175781,14.0,1.0,-1.0,-1.0,0.0
273,273.0,1.9084728956222534,1.5334081649780273,3.864269971847534,103.3073501586914,340.8672180175781,14.0,1.0,-1.0,-1.0,0.0
274,274.0,1.8700417280197144,1.5252093076705933,4.904526710510254,107.5114974975586,340.8672180175781,14.0,1.0,-1.0,-1.0,0.0
275,275.0,1.854239821434021,1.5069177150726318,6.985037326812744,109.19976806640625,340.8672180175781,14.0,1.0,-1.0,-1.0,0.0
276,276.0,1.8953646421432495,1.4809279441833496,9.406098365783691,104.38331604003906,340.8672180175781,14.0,1.0,-1.0,-1.0,0.0
277,277.0,1.9409852027893066,1.4634270668029785,10.708919525146484,99.35559844970703,340.8672180175781,14.0,1.0,-1.0,-1.0,0.0
278,278.0,1.859705924987793,1.4585509300231934,12.186311721801758,108.11209106445312,340.8672180175781,14.0,1.0,-1.0,-1.0,0.0
279,279.0,1.8758829832077026,1.4173680543899536,16.347328186035156,105.709716796875,340.8672180175781,14.0,1.0,-1.0,-1.0,0.0
280,280.0,1.8374261856079102,1.4135817289352417,17.43758201599121,110.0004653930664,340.8672180175781,14.0,1.0,-1.0,-1.0,0.0
281,281.0,1.8544358015060425,1.5739659070968628,-0.3467516303062439,109.3998794555664,340.8672180175781,14.0,1.0,-1.0,-1.0,0.0
282,282.0,1.8388800621032715,1.5645599365234375,0.6935032606124878,111.20164489746094,340.8672180175781,14.0,1.0,-1.0,-1.0,0.0
283,283.0,1.8168730735778809,-3.050997257232666,-113.34428405761719,-10.29665756225586,340.8672180175781,14.0,0.0,-1.0,-1.0,0.0
284,284.0,1.7357028722763062,3.087601661682129,-123.84683990478516,6.693108081817627,340.8672790527344,14.0,0.0,-1.0,-1.0,0.0
285,285.0,1.8705977201461792,-3.0971720218658447,-108.09300994873047,-4.804731369018555,342.8927917480469,15.0,0.0,-1.0,-1.0,0.0
286,286.0,1.8749337196350098,3.12146258354187,-107.68717956542969,2.168055534362793,342.8927917480469,15.0,0.0,-1.0,-1.0,0.0
287,287.0,1.8864272832870483,-3.1324915885925293,-106.41547393798828,-0.9685242772102356,342.8927917480469,15.0,0.0,-1.0,-1.0,0.0
288,288.0,1.750558853149414,-3.112245798110962,-122.75658416748047,-3.603549003601074,342.8927917480469,15.0,0.0,-1.0,-1.0,0.0
289,289.0,1.7752317190170288,3.1365725994110107,-119.63581085205078,0.6005914211273193,342.8927917480469,15.0,0.0,-1.0,-1.0,0.0
290,290.0,1.7875527143478394,-3.1288888454437256,-118.07781982421875,-1.5001050233840942,342.8927917480469,15.0,0.0,-1.0,-1.0,0.0
291,291.0,1.7832167148590088,3.1174073219299316,-118.59556579589844,2.8688266277313232,342.8927917480469,15.0,0.0,-1.0,-1.0,0.0
292,292.0,1.8020840883255005,3.0772488117218018,-116.0471420288086,7.4772515296936035,342.8927917480469,15.0,0.0,-1.0,-1.0,0.0
293,293.0,1.8232488632202148,3.131089210510254,-113.71434020996094,1.1944485902786255,342.8927917480469,15.0,0.0,-1.0,-1.0,0.0
294,294.0,1.842454195022583,-3.093071460723877,-111.31377410888672,-5.405323505401611,342.8927917480469,15.0,0.0,-1.0,-1.0,0.0
295,295.0,1.8781795501708984,3.1013221740722656,-107.2562026977539,4.321601390838623,342.8927917480469,15.0,0.0,-1.0,-1.0,0.0
296,296.0,1.8689340353012085,3.074249744415283,-108.14300537109375,7.293700218200684,342.8927917480469,15.0,0.0,-1.0,-1.0,0.0
297,297.0,1.861154317855835,2.997403860092163,-108.14300537109375,15.701980590820312,342.8927917480469,15.0,0.0,-1.0,-1.0,0.0
298,298.0,1.8873870372772217,3.072932720184326,-106.0625,7.293700218200684,342.8927917480469,15.0,0.0,-1.0,-1.0,0.0
299,299.0,1.871510624885559,1.388767957687378,19.568092346191406,106.31031036376953,342.8927917480469,15.0,1.0,-1.0,-1.0,0.0
300,300.0,1.9659817218780518,1.5419590473175049,2.824012517929077,97.90203857421875,342.8927917480469,15.0,1.0,-1.0,-1.0,0.0
301,301.0,1.9141440391540527,1.5334081649780273,3.864269971847534,103.30735778808594,342.8927917480469,15.0,1.0,-1.0,-1.0,0.0
302,302.0,1.975753664970398,1.4986881017684937,6.985032558441162,96.70085144042969,342.8927917480469,15.0,1.0,-1.0,-1.0,0.0
303,303.0,1.8564984798431396,1.4979745149612427,7.989675998687744,109.52136993408203,342.8927917480469,15.0,1.0,-1.0,-1.0,0.0
304,304.0,1.9622772932052612,1.478461503982544,9.065542221069336,97.90203857421875,342.8927917480469,15.0,1.0,-1.0,-1.0,0.0
305,305.0,1.8981096744537354,1.481924295425415,9.330537796020508,104.71186828613281,342.8927917480469,15.0,1.0,-1.0,-1.0,0.0
306,306.0,2.003077507019043,1.4633564949035645,10.105794906616211,93.69789123535156,342.8927917480469,15.0,1.0,-1.0,-1.0,0.0
307,307.0,1.9693411588668823,1.434861660003662,13.226560592651367,96.70084381103516,342.8927917480469,15.0,1.0,-1.0,-1.0,0.0
308,308.0,1.726514220237732,1.3386989831924438,28.98038673400879,122.61288452148438,342.8927917480469,15.0,1.0,-1.0,-1.0,0.0
309,309.0,1.8559008836746216,1.449747085571289,13.26858901977539,109.07727813720703,342.8927917480469,15.0,1.0,-1.0,-1.0,0.0
310,310.0,1.8355515003204346,1.433563232421875,15.357071876525879,111.20164489746094,342.8927917480469,15.0,1.0,-1.0,-1.0,0.0
311,311.0,1.8080624341964722,1.5197619199752808,5.894778251647949,115.40579223632812,342.8927917480469,15.0,1.0,-1.0,-1.0,0.0
312,312.0,1.8307019472122192,-3.0448620319366455,-112.30402374267578,-10.897249221801758,342.8927917480469,15.0,0.0,-1.0,-1.0,0.0
313,313.0,1.6949715614318848,-3.0908708572387695,-130.13836669921875,-6.606505870819092,342.8927307128906,15.0,0.0,-1.0,-1.0,0.0
314,314.0,1.7256660461425781,-3.0884921550750732,-125.92733764648438,-6.693108081817627,342.8927307128906,15.0,0.0,-1.0,-1.0,0.0
315,315.0,1.8741626739501953,3.1415927410125732,-108.09300994873047,0.0,343.8372497558594,16.0,0.0,-1.0,-1.0,0.0
316,316.0,1.9704536199569702,-3.104722023010254,-97.69046783447266,-3.603549003601074,343.8372497558594,16.0,0.0,-1.0,-1.0,0.0
317,317.0,1.7453343868255615,3.117340326309204,-123.79682922363281,3.002957344055176,343.8372497558594,16.0,0.0,-1.0,-1.0,0.0
318,318.0,1.753509283065796,3.131807804107666,-122.75658416748047,1.2011828422546387,343.8372497558594,16.0,0.0,-1.0,-1.0,0.0
319,319.0,1.7692476511001587,-3.1117401123046875,-120.67607116699219,-3.603549003601074,343.8372497558594,16.0,0.0,-1.0,-1.0,0.0
320,320.0,1.7815171480178833,-3.1287715435028076,-119.16136932373047,-1.5278522968292236,343.8372497558594,16.0,0.0,-1.0,-1.0,0.0
321,321.0,1.7892203330993652,3.095482587814331,-118.07833099365234,5.448458671569824,343.8372497558594,16.0,0.0,-1.0,-1.0,0.0
322,322.0,1.7916556596755981,3.0651068687438965,-117.55530548095703,9.008872985839844,343.8372497558594,16.0,0.0,-1.0,-1.0,0.0
323,323.0,1.8003805875778198,-3.0695528984069824,-116.51505279541016,-8.408280372619629,343.8372497558594,16.0,0.0,-1.0,-1.0,0.0
324,324.0,1.823141098022461,3.132014751434326,-114.04155731201172,1.0923125743865967,343.8372497558594,16.0,0.0,-1.0,-1.0,0.0
325,325.0,1.8269797563552856,3.083397150039673,-113.394287109375,6.606505870819092,343.8372497558594,16.0,0.0,-1.0,-1.0,0.0
326,326.0,1.854901671409607,-3.1198105812072754,-110.27351379394531,-2.4023656845092773,343.8372497558594,16.0,0.0,-1.0,-1.0,0.0
327,327.0,1.798164963722229,3.038083553314209,-116.46505737304688,12.098432540893555,343.8372497558594,16.0,0.0,-1.0,-1.0,0.0
328,328.0,1.8339033126831055,3.0514702796936035,-112.30403137207031,10.148601531982422,343.8372497558594,16.0,0.0,-1.0,-1.0,0.0
329,329.0,1.9057278633117676,1.5338375568389893,3.8642702102661133,104.508544921875,343.8372497558594,16.0,1.0,-1.0,-1.0,0.0
330,330.0,1.946667194366455,1.5063302516937256,6.455470085144043,99.9986572265625,343.8372497558594,16.0,1.0,-1.0,-1.0,0.0
331,331.0,1.965222716331482,1.4789040088653564,9.019402503967285,97.8753890991211,343.8372497558594,16.0,1.0,-1.0,-1.0,0.0
332,332.0,1.8966495990753174,1.4795938730239868,9.61557674407959,105.1386489868164,343.8372497558594,16.0,1.0,-1.0,-1.0,0.0
333,333.0,1.8594048023223877,1.4786102771759033,10.105801582336426,109.31326293945312,343.8372497558594,16.0,1.0,-1.0,-1.0,0.0
334,334.0,1.8954458236694336,1.5745495557785034,-0.39675402641296387,105.70972442626953,343.8372497558594,16.0,1.0,-1.0,-1.0,0.0
335,335.0,1.8439640998840332,1.4890061616897583,9.1155424118042,111.20164489746094,343.8372497558594,16.0,1.0,-1.0,-1.0,0.0
336,336.0,1.8497045040130615,1.452887773513794,13.046196937561035,110.13347625732422,343.8372497558594,16.0,1.0,-1.0,-1.0,0.0
337,337.0,1.8595284223556519,1.40165114402771,18.47783851623535,108.19869995117188,343.8372497558594,16.0,1.0,-1.0,-1.0,0.0
338,338.0,1.8292202949523926,1.407004475593567,18.47783851623535,111.80224609375,343.8372497558594,16.0,1.0,-1.0,-1.0,0.0
339,339.0,1.8164197206497192,1.600990653038025,-3.4675164222717285,114.80520629882812,343.8372497558594,16.0,1.0,-1.0,-1.0,0.0
340,340.0,1.8318639993667603,1.5738648176193237,-0.3467516303062439,113.00341796875,343.8372497558594,16.0,1.0,-1.0,-1.0,0.0
341,341.0,1.8313275575637817,1.5370556116104126,3.814268112182617,113.00341796875,343.8372497558594,16.0,1.0,-1.0,-1.0,0.0
342,342.0,1.799119472503662,-3.048297643661499,-116.46505737304688,-10.897249221801758,343.8372497558594,16.0,0.0,-1.0,-1.0,0.0
343,343.0,1.8357678651809692,-3.076737642288208,-112.30402374267578,-7.293700218200684,343.8372497558594,16.0,0.0,-1.0,-1.0,0.0
344,344.0,1.6946724653244019,3.0442824363708496,-130.08834838867188,12.699024200439453,343.8372497558594,16.0,0.0,-1.0,-1.0,0.0
345,345.0,1.8788254261016846,3.0971720218658447,-108.09300994873047,4.804731369018555,345.8627624511719,17.0,0.0,-1.0,-1.0,0.0
346,346.0,1.8888660669326782,-3.1247634887695312,-107.0527572631836,-1.801774501800537,345.8627624511719,17.0,0.0,-1.0,-1.0,0.0
347,347.0,1.9073740243911743,3.1129932403564453,-104.97225189208984,3.002957344055176,345.8627624511719,17.0,0.0,-1.0,-1.0,0.0
348,348.0,1.9157031774520874,3.0838699340820312,-103.9319839477539,6.005914688110352,345.8627624511719,17.0,0.0,-1.0,-1.0,0.0
349,349.0,1.775165319442749,3.131639242172241,-120.67607116699219,1.2011828422546387,345.8627624511719,17.0,0.0,-1.0,-1.0,0.0
350,350.0,1.801851511001587,-3.1141486167907715,-117.27964782714844,-3.2194409370422363,345.8627624511719,17.0,0.0,-1.0,-1.0,0.0
351,351.0,1.8242372274398804,-3.0901355743408203,-114.43455505371094,-5.893671035766602,345.8627624511719,17.0,0.0,-1.0,-1.0,0.0
352,352.0,1.8229796886444092,3.1281957626342773,-114.72783660888672,1.537100911140442,345.8627624511719,17.0,0.0,-1.0,-1.0,0.0
353,353.0,1.8478144407272339,3.101357936859131,-111.68814086914062,4.496158599853516,345.8627624511719,17.0,0.0,-1.0,-1.0,0.0
354,354.0,1.8573576211929321,-3.1238625049591064,-110.64627838134766,-1.9619851112365723,345.8627624511719,17.0,0.0,-1.0,-1.0,0.0
355,355.0,1.873910903930664,3.1337547302246094,-108.755126953125,0.8524344563484192,345.8627624511719,17.0,0.0,-1.0,-1.0,0.0
356,356.0,1.8126362562179565,3.042306900024414,-115.42479705810547,11.49783992767334,345.8627624511719,17.0,0.0,-1.0,-1.0,0.0
357,357.0,1.8684046268463135,3.0803675651550293,-109.18325805664062,6.693108081817627,345.8627624511719,17.0,0.0,-1.0,-1.0,0.0
358,358.0,2.07527232170105,1.586519718170166,-1.3870065212249756,88.20596313476562,345.8627624511719,17.0,1.0,-1.0,-1.0,0.0
359,359.0,1.9259202480316162,1.4001891613006592,17.48758316040039,101.50558471679688,345.8627624511719,17.0,1.0,-1.0,-1.0,0.0
360,360.0,1.9229310750961304,1.553531527519226,1.7837598323822021,103.30736541748047,345.8627624511719,17.0,1.0,-1.0,-1.0,0.0
361,361.0,1.8845878839492798,1.5445352792739868,2.824016571044922,107.51150512695312,345.8627624511719,17.0,1.0,-1.0,-1.0,0.0
362,362.0,2.008171319961548,1.496857762336731,6.9850311279296875,94.29847717285156,345.8627624511719,17.0,1.0,-1.0,-1.0,0.0
363,363.0,1.9722344875335693,1.4995698928833008,6.985032558441162,97.90203857421875,345.8627624511719,17.0,1.0,-1.0,-1.0,0.0
364,364.0,1.8561382293701172,1.4983060359954834,8.025291442871094,110.51445770263672,345.8627624511719,17.0,1.0,-1.0,-1.0,0.0
365,365.0,1.9942810535430908,1.4761524200439453,9.06554126739502,95.49967193603516,345.8627624511719,17.0,1.0,-1.0,-1.0,0.0
366,366.0,1.8945754766464233,1.4790371656417847,9.75223445892334,105.98233795166016,345.8627624511719,17.0,1.0,-1.0,-1.0,0.0
367,367.0,1.9386920928955078,1.450608253479004,12.186308860778809,100.90498352050781,345.8627624511719,17.0,1.0,-1.0,-1.0,0.0
368,368.0,1.9659782648086548,1.436509370803833,13.2265625,97.90202331542969,345.8627624511719,17.0,1.0,-1.0,-1.0,0.0
369,369.0,1.9165441989898682,1.439561128616333,13.6111421585083,103.11956787109375,345.8627624511719,17.0,1.0,-1.0,-1.0,0.0
370,370.0,1.8378232717514038,1.4715173244476318,11.196051597595215,112.40283203125,345.8627624511719,17.0,1.0,-1.0,-1.0,0.0
371,371.0,1.8521045446395874,1.460609793663025,12.236307144165039,110.6010513305664,345.8627624511719,17.0,1.0,-1.0,-1.0,0.0
372,372.0,1.87055504322052,1.4392409324645996,14.316818237304688,108.1987075805664,345.8627624511719,17.0,1.0,-1.0,-1.0,0.0
373,373.0,1.7041524648666382,3.127748489379883,-130.13836669921875,1.801774501800537,345.8627624511719,17.0,0.0,-1.0,-1.0,0.0
374,374.0,1.617977499961853,3.1121442317962646,-142.721435546875,4.2041401863098145,345.8627624511719,17.0,0.0,-1.0,-1.0,0.0
375,375.0,1.7407175302505493,3.073676824569702,-124.8870849609375,8.494882583618164,345.8627624511719,17.0,0.0,-1.0,-1.0,0.0
376,376.0,1.7717863321304321,-3.0614500045776367,-120.72606658935547,-9.696064949035645,345.8627624511719,17.0,0.0,-1.0,-1.0,0.0
377,377.0,1.8821349143981934,3.1193714141845703,-108.09300994873047,2.4023656845092773,346.8072509765625,18.0,0.0,-1.0,-1.0,0.0
378,378.0,1.8994089365005493,-3.0850002765655518,-106.01250457763672,-6.005914688110352,346.8072509765625,18.0,0.0,-1.0,-1.0,0.0
379,379.0,1.900695562362671,-3.1189353466033936,-106.01250457763672,-2.4023656845092773,346.8072509765625,18.0,0.0,-1.0,-1.0,0.0
380,380.0,1.9009186029434204,3.1347498893737793,-106.01251220703125,0.7254303693771362,346.8072509765625,18.0,0.0,-1.0,-1.0,0.0
381,381.0,1.919911503791809,3.1415927410125732,-103.9319839477539,0.0,346.8072509765625,18.0,0.0,-1.0,-1.0,0.0
382,382.0,1.761613130569458,3.131807804107666,-122.75658416748047,1.2011828422546387,346.8072509765625,18.0,0.0,-1.0,-1.0,0.0
383,383.0,1.768296718597412,3.0873680114746094,-121.71633911132812,6.60650634765625,346.8072509765625,18.0,0.0,-1.0,-1.0,0.0
384,384.0,1.7969952821731567,3.1030702590942383,-118.1614761352539,4.554113864898682,346.8072509765625,18.0,0.0,-1.0,-1.0,0.0
385,385.0,1.8176594972610474,3.0794177055358887,-115.47480010986328,7.188909530639648,346.8072509765625,18.0,0.0,-1.0,-1.0,0.0
386,386.0,1.8242788314819336,3.129673480987549,-114.88594818115234,1.3693981170654297,346.8072509765625,18.0,0.0,-1.0,-1.0,0.0
387,387.0,1.8354767560958862,3.0896379947662354,-113.394287109375,5.896663665771484,346.8072509765625,18.0,0.0,-1.0,-1.0,0.0
388,388.0,1.8626829385757446,3.1050148010253906,-110.27352142333984,4.035370349884033,346.8072509765625,18.0,0.0,-1.0,-1.0,0.0
389,389.0,1.8691275119781494,-3.1372392177581787,-109.60276794433594,-0.47714895009994507,346.8072509765625,18.0,0.0,-1.0,-1.0,0.0
390,390.0,1.8797630071640015,3.074249744415283,-108.14300537109375,7.293700218200684,346.8072509765625,18.0,0.0,-1.0,-1.0,0.0
391,391.0,1.9977819919586182,1.3546142578125,20.558345794677734,93.61129760742188,346.8072509765625,18.0,1.0,-1.0,-1.0,0.0
392,392.0,1.9362146854400635,1.5329687595367432,3.864269495010376,102.10618591308594,346.8072509765625,18.0,1.0,-1.0,-1.0,0.0
393,393.0,1.9528452157974243,1.5219388008117676,4.904522895812988,100.30439758300781,346.8072509765625,18.0,1.0,-1.0,-1.0,0.0
394,394.0,1.981431245803833,1.5097756385803223,5.944777011871338,97.30143737792969,346.8072509765625,18.0,1.0,-1.0,-1.0,0.0
395,395.0,1.9849737882614136,1.4773211479187012,9.065542221069336,96.70084381103516,346.8072509765625,18.0,1.0,-1.0,-1.0,0.0
396,396.0,1.8950531482696533,1.480962872505188,9.569415092468262,106.23727416992188,346.8072509765625,18.0,1.0,-1.0,-1.0,0.0
397,397.0,1.971105933189392,1.4574353694915771,11.146051406860352,97.90202331542969,346.8072509765625,18.0,1.0,-1.0,-1.0,0.0
398,398.0,1.912437081336975,1.4441860914230347,13.226564407348633,103.90795135498047,346.8072509765625,18.0,1.0,-1.0,-1.0,0.0
399,399.0,1.8343197107315063,1.485453724861145,9.690473556518555,113.27207946777344,346.8072509765625,18.0,1.0,-1.0,-1.0,0.0
400,400.0,1.815120816230774,1.564818263053894,0.6935032606124878,116.00637817382812,346.8072509765625,18.0,1.0,-1.0,-1.0,0.0
401,401.0,1.856853723526001,1.5423439741134644,3.158489942550659,110.97966766357422,346.8072509765625,18.0,1.0,-1.0,-1.0,0.0
402,402.0,1.828730821609497,1.5192261934280396,5.894778251647949,114.2046127319336,346.8072509765625,18.0,1.0,-1.0,-1.0,0.0
403,403.0,1.7295539379119873,3.1415927410125732,-127.01759338378906,0.0,346.8072509765625,18.0,0.0,-1.0,-1.0,0.0
404,404.0,1.7113468647003174,3.05734920501709,-129.04811096191406,10.897249221801758,346.8072509765625,18.0,0.0,-1.0,-1.0,0.0
405,405.0,1.767318606376648,-3.0768518447875977,-121.76631927490234,-7.894291877746582,346.8072509765625,18.0,0.0,-1.0,-1.0,0.0
406,406.0,1.8971576690673828,-3.1359825134277344,-107.05274963378906,-0.6005914211273193,348.832763671875,19.0,0.0,-1.0,-1.0,0.0
407,407.0,1.934727430343628,-3.112415313720703,-102.89173126220703,-3.002957344055176,348.832763671875,19.0,0.0,-1.0,-1.0,0.0
408,408.0,1.758650541305542,-3.1076457500457764,-123.79682922363281,-4.2041401863098145,348.832763671875,19.0,0.0,-1.0,-1.0,0.0
409,409.0,1.766743540763855,3.112245798110962,-122.75658416748047,3.603549003601074,348.832763671875,19.0,0.0,-1.0,-1.0,0.0
410,410.0,1.779128074645996,3.1242215633392334,-121.19041442871094,2.105410575866699,348.832763671875,19.0,0.0,-1.0,-1.0,0.0
411,411.0,1.7984137535095215,-3.1117970943450928,-118.70903015136719,-3.5380403995513916,348.832763671875,19.0,0.0,-1.0,-1.0,0.0
412,412.0,1.8239823579788208,-3.0948171615600586,-115.47479248046875,-5.405323505401611,348.832763671875,19.0,0.0,-1.0,-1.0,0.0
413,413.0,1.8237985372543335,3.1301512718200684,-115.6160659790039,1.322866439819336,348.832763671875,19.0,0.0,-1.0,-1.0,0.0
414,414.0,1.840574026107788,3.0780811309814453,-113.37086486816406,7.210048675537109,348.832763671875,19.0,0.0,-1.0,-1.0,0.0
415,415.0,1.8642268180847168,-3.1172749996185303,-110.77938842773438,-2.6944291591644287,348.832763671875,19.0,0.0,-1.0,-1.0,0.0
416,416.0,1.8809030055999756,3.1367666721343994,-108.89032745361328,0.5254973769187927,348.832763671875,19.0,0.0,-1.0,-1.0,0.0
417,417.0,1.8845525979995728,3.063201427459717,-108.14300537109375,8.494882583618164,348.832763671875,19.0,0.0,-1.0,-1.0,0.0
418,418.0,1.967410922050476,1.5214804410934448,4.9045233726501465,99.3704833984375,348.832763671875,19.0,1.0,-1.0,-1.0,0.0
419,419.0,1.9175589084625244,1.5140386819839478,5.944779396057129,104.62732696533203,348.832763671875,19.0,1.0,-1.0,-1.0,0.0
420,420.0,1.94663667678833,1.490596890449524,8.144813537597656,101.33914184570312,348.832763671875,19.0,1.0,-1.0,-1.0,0.0
421,421.0,1.8941925764083862,1.480202078819275,9.715339660644531,106.9466552734375,348.832763671875,19.0,1.0,-1.0,-1.0,0.0
422,422.0,1.8964836597442627,1.4470176696777344,13.226566314697266,106.31031036376953,348.832763671875,19.0,1.0,-1.0,-1.0,0.0
423,423.0,1.9526140689849854,1.4082833528518677,16.347328186035156,99.70380401611328,348.832763671875,19.0,1.0,-1.0,-1.0,0.0
424,424.0,1.9303499460220337,1.412042260169983,16.347328186035156,102.10617065429688,348.832763671875,19.0,1.0,-1.0,-1.0,0.0
425,425.0,1.8526126146316528,1.4636452198028564,11.996315002441406,111.52822875976562,348.832763671875,19.0,1.0,-1.0,-1.0,0.0
426,426.0,1.87871253490448,1.43924081325531,14.316818237304688,108.19869995117188,348.832763671875,19.0,1.0,-1.0,-1.0,0.0
427,427.0,1.8791950941085815,1.4199097156524658,16.397327423095703,107.8471908569336,348.832763671875,19.0,1.0,-1.0,-1.0,0.0
428,428.0,1.8646923303604126,1.5175490379333496,5.894778251647949,110.6010513305664,348.832763671875,19.0,1.0,-1.0,-1.0,0.0
429,429.0,1.885976791381836,-3.0853145122528076,-108.14300537109375,-6.0925164222717285,348.832763671875,19.0,0.0,-1.0,-1.0,0.0
430,430.0,1.7721673250198364,-3.067034959793091,-121.76631927490234,-9.095474243164062,348.832763671875,19.0,0.0,-1.0,-1.0,0.0
431,431.0,1.893673062324524,3.1396801471710205,-107.73612976074219,0.20604556798934937,349.7772521972656,20.0,0.0,-1.0,-1.0,0.0
432,432.0,1.774720311164856,3.1385111808776855,-122.10488891601562,0.3762618899345398,349.7772521972656,20.0,0.0,-1.0,-1.0,0.0
433,433.0,1.7962231636047363,-3.1080269813537598,-119.29197692871094,-4.005619525909424,349.7772521972656,20.0,0.0,-1.0,-1.0,0.0
434,434.0,1.8091527223587036,3.0854525566101074,-117.55530548095703,6.606505870819092,349.7772521972656,20.0,0.0,-1.0,-1.0,0.0
435,435.0,1.8227888345718384,3.132150888442993,-116.0549087524414,1.0957839488983154,349.7772521972656,20.0,0.0,-1.0,-1.0,0.0
436,436.0,1.8166124820709229,3.0695528984069824,-116.51505279541016,8.408280372619629,349.7772521972656,20.0,0.0,-1.0,-1.0,0.0
437,437.0,1.8357144594192505,-3.1101129055023193,-114.43453979492188,-3.603549003601074,349.7772521972656,20.0,0.0,-1.0,-1.0,0.0
438,438.0,1.8536289930343628,-3.1369571685791016,-112.35403442382812,-0.5208121538162231,349.7772521972656,20.0,0.0,-1.0,-1.0,0.0
439,439.0,1.8618202209472656,-3.103842258453369,-111.31377410888672,-4.2041401863098145,349.7772521972656,20.0,0.0,-1.0,-1.0,0.0
440,440.0,1.8840986490249634,3.0883634090423584,-108.66743469238281,5.7897467613220215,349.7772521972656,20.0,0.0,-1.0,-1.0,0.0
441,441.0,1.9006068706512451,1.5277475118637085,4.60298490524292,106.85865783691406,349.7772521972656,20.0,1.0,-1.0,-1.0,0.0
442,442.0,1.8973397016525269,1.4730753898620605,10.47110366821289,106.81182098388672,349.7772521972656,20.0,1.0,-1.0,-1.0,0.0
443,443.0,1.8385154008865356,1.4725602865219116,11.196051597595215,113.60401153564453,349.7772521972656,20.0,1.0,-1.0,-1.0,0.0
444,444.0,1.8607029914855957,1.4420665502548218,14.316818237304688,110.6010513305664,349.7772521972656,20.0,1.0,-1.0,-1.0,0.0
445,445.0,1.811233639717102,1.448629379272461,14.316818237304688,116.60697174072266,349.7772521972656,20.0,1.0,-1.0,-1.0,0.0
446,446.0,1.832263708114624,1.5285366773605347,4.854522705078125,114.80520629882812,349.7772521972656,20.0,1.0,-1.0,-1.0,0.0
447,447.0,1.7447782754898071,-3.098008394241333,-125.92733764648438,-5.49192476272583,349.7772521972656,20.0,0.0,-1.0,-1.0,0.0
448,448.0,1.9049043655395508,3.113548755645752,-107.05274963378906,3.002957344055176,351.8027648925781,21.0,0.0,-1.0,-1.0,0.0
449,449.0,1.9240559339523315,3.135871171951294,-104.97225189208984,0.6005914211273193,351.8027648925781,21.0,0.0,-1.0,-1.0,0.0
450,450.0,1.9432538747787476,3.1357555389404297,-102.89173126220703,0.6005914211273193,351.8027648925781,21.0,0.0,-1.0,-1.0,0.0
451,451.0,1.7592538595199585,-3.1319708824157715,-124.83708953857422,-1.2011828422546387,351.8027648925781,21.0,0.0,-1.0,-1.0,0.0
452,452.0,1.7740222215652466,3.0927062034606934,-122.75658416748047,6.005914688110352,351.8027648925781,21.0,0.0,-1.0,-1.0,0.0
453,453.0,1.7991997003555298,3.116497039794922,-119.63581085205078,3.002957344055176,351.8027648925781,21.0,0.0,-1.0,-1.0,0.0
454,454.0,1.8069926500320435,-3.1011011600494385,-118.59556579589844,-4.804731369018555,351.8027648925781,21.0,0.0,-1.0,-1.0,0.0
455,455.0,1.8075753450393677,-3.1213386058807373,-118.59556579589844,-2.4023656845092773,351.8027648925781,21.0,0.0,-1.0,-1.0,0.0
456,456.0,1.8093076944351196,3.078598976135254,-118.16841125488281,7.453713893890381,351.8027648925781,21.0,0.0,-1.0,-1.0,0.0
457,457.0,1.8250068426132202,3.1301109790802,-116.45205688476562,1.337119460105896,351.8027648925781,21.0,0.0,-1.0,-1.0,0.0
458,458.0,1.8351552486419678,3.085696220397949,-115.04209899902344,6.437161922454834,351.8027648925781,21.0,0.0,-1.0,-1.0,0.0
459,459.0,1.8762972354888916,-3.1043639183044434,-110.27351379394531,-4.107234954833984,351.8027648925781,21.0,0.0,-1.0,-1.0,0.0
460,460.0,1.8856459856033325,3.1141083240509033,-109.23326110839844,3.002957344055176,351.8027648925781,21.0,0.0,-1.0,-1.0,0.0
461,461.0,1.8471604585647583,3.054400682449341,-113.34429931640625,9.90782642364502,351.8027648925781,21.0,0.0,-1.0,-1.0,0.0
462,462.0,1.8632018566131592,3.036940097808838,-111.26378631591797,11.68674087524414,351.8027648925781,21.0,0.0,-1.0,-1.0,0.0
463,463.0,1.9119163751602173,3.072932720184326,-106.0625,7.293700218200684,351.8027648925781,21.0,0.0,-1.0,-1.0,0.0
464,464.0,1.9559234380722046,1.5429822206497192,2.8240139484405518,101.50558471679688,351.8027648925781,21.0,1.0,-1.0,-1.0,0.0
465,465.0,1.924310326576233,1.5190285444259644,5.430402755737305,104.8055191040039,351.8027648925781,21.0,1.0,-1.0,-1.0,0.0
466,466.0,2.036923885345459,1.4959073066711426,6.985030651092529,93.09730529785156,351.8027648925781,21.0,1.0,-1.0,-1.0,0.0
467,467.0,1.942866325378418,1.4927525520324707,8.025289535522461,102.62171173095703,351.8027648925781,21.0,1.0,-1.0,-1.0,0.0
468,468.0,1.9572025537490845,1.470977544784546,10.105798721313477,100.90498352050781,351.8027648925781,21.0,1.0,-1.0,-1.0,0.0
469,469.0,1.9348335266113281,1.4732838869094849,10.105799674987793,103.3073501586914,351.8027648925781,21.0,1.0,-1.0,-1.0,0.0
470,470.0,1.899153470993042,1.4743645191192627,10.373541831970215,107.24019622802734,351.8027648925781,21.0,1.0,-1.0,-1.0,0.0
471,471.0,1.8599141836166382,1.4802078008651733,10.155797958374023,111.80224609375,351.8027648925781,21.0,1.0,-1.0,-1.0,0.0
472,472.0,1.7994904518127441,1.4683383703231812,12.236307144165039,119.00933837890625,351.8027648925781,21.0,1.0,-1.0,-1.0,0.0
473,473.0,1.8622183799743652,1.4519670009613037,13.276562690734863,111.20164489746094,351.8027648925781,21.0,1.0,-1.0,-1.0,0.0
474,474.0,1.8460720777511597,1.4447740316390991,14.316818237304688,113.00341796875,351.8027648925781,21.0,1.0,-1.0,-1.0,0.0
475,475.0,1.8701168298721313,1.4320837259292603,15.357071876525879,110.0004653930664,351.8027648925781,21.0,1.0,-1.0,-1.0,0.0
476,476.0,1.7502089738845825,3.1082327365875244,-125.97734069824219,4.2041401863098145,351.8027648925781,21.0,0.0,-1.0,-1.0,0.0
477,477.0,1.747970461845398,3.0600075721740723,-125.92733764648438,10.29665756225586,351.8027648925781,21.0,0.0,-1.0,-1.0,0.0
478,478.0,1.9066277742385864,3.0911433696746826,-107.05274963378906,5.405323505401611,352.7472839355469,22.0,0.0,-1.0,-1.0,0.0
479,479.0,1.985090970993042,3.1111865043640137,-98.730712890625,3.002957344055176,352.7472839355469,22.0,0.0,-1.0,-1.0,0.0
480,480.0,1.765963077545166,3.11533522605896,-124.24756622314453,3.263174533843994,352.7472839355469,22.0,0.0,-1.0,-1.0,0.0
481,481.0,1.8029873371124268,3.110407829284668,-119.45767211914062,3.7264726161956787,352.7472839355469,22.0,0.0,-1.0,-1.0,0.0
482,482.0,1.809873342514038,-3.1112167835235596,-118.59556579589844,-3.603549003601074,352.7472839355469,22.0,0.0,-1.0,-1.0,0.0
483,483.0,1.8079347610473633,3.070812225341797,-118.59556579589844,8.408280372619629,352.7472839355469,22.0,0.0,-1.0,-1.0,0.0
484,484.0,1.821622610092163,3.1291072368621826,-117.18035888671875,1.463129997253418,352.7472839355469,22.0,0.0,-1.0,-1.0,0.0
485,485.0,1.8258417844772339,3.0900919437408447,-116.51505279541016,6.005914688110352,352.7472839355469,22.0,0.0,-1.0,-1.0,0.0
486,486.0,1.8334537744522095,3.0740816593170166,-115.47479248046875,7.807689666748047,352.7472839355469,22.0,0.0,-1.0,-1.0,0.0
487,487.0,1.8375251293182373,-3.127063512802124,-115.23151397705078,-1.6743232011795044,352.7472839355469,22.0,0.0,-1.0,-1.0,0.0
488,488.0,1.932539463043213,3.0600779056549072,-103.98198699951172,8.494882583618164,352.7472839355469,22.0,0.0,-1.0,-1.0,0.0
489,489.0,1.9591206312179565,1.4877808094024658,8.414684295654297,101.12980651855469,352.7472839355469,22.0,1.0,-1.0,-1.0,0.0
490,490.0,1.9390877485275269,1.493268370628357,8.025289535522461,103.3073501586914,352.7472839355469,22.0,1.0,-1.0,-1.0,0.0
491,491.0,1.898950457572937,1.4809871912002563,9.691107749938965,107.61749267578125,352.7472839355469,22.0,1.0,-1.0,-1.0,0.0
492,492.0,1.9153403043746948,1.4261826276779175,15.307075500488281,105.109130859375,352.7472839355469,22.0,1.0,-1.0,-1.0,0.0
493,493.0,1.842392086982727,1.4821033477783203,10.155797004699707,114.2046127319336,352.7472839355469,22.0,1.0,-1.0,-1.0,0.0
494,494.0,1.8096768856048584,1.4498628377914429,14.316818237304688,117.80815887451172,352.7472839355469,22.0,1.0,-1.0,-1.0,0.0
495,495.0,1.8765698671340942,1.5551217794418335,1.7337582111358643,110.6010513305664,352.7472839355469,22.0,1.0,-1.0,-1.0,0.0
496,496.0,1.787996530532837,1.5565173625946045,1.7337582111358643,121.41170501708984,352.7472839355469,22.0,1.0,-1.0,-1.0,0.0
497,497.0,1.8609888553619385,1.5461220741271973,2.774013042449951,112.40283203125,352.7472839355469,22.0,1.0,-1.0,-1.0,0.0
498,498.0,1.85490882396698,1.5186790227890015,5.894778251647949,113.00342559814453,352.7472839355469,22.0,1.0,-1.0,-1.0,0.0
499,499.0,1.790850043296814,-3.1169259548187256,-121.7163314819336,-3.002957344055176,354.7727355957031,23.0,0.0,-1.0,-1.0,0.0
500,500.0,1.79103422164917,3.126790761947632,-121.7163314819336,1.801774501800537,354.7727355957031,23.0,0.0,-1.0,-1.0,0.0
501,501.0,1.8070744276046753,-3.126708745956421,-119.6712875366211,-1.7812963724136353,354.7727355957031,23.0,0.0,-1.0,-1.0,0.0
502,502.0,1.8133618831634521,-3.070812225341797,-118.59556579589844,-8.408280372619629,354.7727355957031,23.0,0.0,-1.0,-1.0,0.0
503,503.0,1.8253484964370728,3.126922130584717,-117.38800811767578,1.722253680229187,354.7727355957031,23.0,0.0,-1.0,-1.0,0.0
504,504.0,1.8312792778015137,-3.0900919437408447,-116.51505279541016,-6.005914688110352,354.7727355957031,23.0,0.0,-1.0,-1.0,0.0
505,505.0,1.8567534685134888,-3.083397150039673,-113.394287109375,-6.606505870819092,354.7727355957031,23.0,0.0,-1.0,-1.0,0.0
506,506.0,1.8632930517196655,3.112321376800537,-112.76121520996094,3.301600933074951,354.7727355957031,23.0,0.0,-1.0,-1.0,0.0
507,507.0,1.8748975992202759,3.093071460723877,-111.31377410888672,5.405323505401611,354.7727355957031,23.0,0.0,-1.0,-1.0,0.0
508,508.0,1.8940238952636719,3.136094570159912,-109.23326110839844,0.6005914211273193,354.7727355957031,23.0,0.0,-1.0,-1.0,0.0
509,509.0,1.8825892210006714,3.0646750926971436,-110.22351837158203,8.494882583618164,354.7727355957031,23.0,0.0,-1.0,-1.0,0.0
510,510.0,2.0299575328826904,1.5525121688842773,1.7337582111358643,94.8124771118164,354.7727355957031,23.0,1.0,-1.0,-1.0,0.0
511,511.0,1.8694404363632202,1.347968339920044,24.769367218017578,109.31327056884766,354.7727355957031,23.0,1.0,-1.0,-1.0,0.0
512,512.0,1.8803890943527222,1.4983060359954834,8.025291442871094,110.51445770263672,354.7727355957031,23.0,1.0,-1.0,-1.0,0.0
513,513.0,1.9480695724487305,1.4855974912643433,8.785538673400879,102.86842346191406,354.7727355957031,23.0,1.0,-1.0,-1.0,0.0
514,514.0,1.8973965644836426,1.4741438627243042,10.504265785217285,108.3421401977539,354.7727355957031,23.0,1.0,-1.0,-1.0,0.0
515,515.0,1.9254121780395508,1.5745495557785034,-0.39675402641296387,105.70972442626953,354.7727355957031,23.0,1.0,-1.0,-1.0,0.0
516,516.0,1.8665987253189087,1.4832079410552979,9.834010124206543,111.98802947998047,354.7727355957031,23.0,1.0,-1.0,-1.0,0.0
517,517.0,1.8165230751037598,1.4231044054031372,17.43758201599121,117.20755767822266,354.7727355957031,23.0,1.0,-1.0,-1.0,0.0
518,518.0,1.8821470737457275,1.5739314556121826,-0.3467516303062439,110.6010513305664,354.7727355957031,23.0,1.0,-1.0,-1.0,0.0
519,519.0,1.8350021839141846,1.511085867881775,6.935032844543457,116.00637817382812,354.7727355957031,23.0,1.0,-1.0,-1.0,0.0
520,520.0,1.9334391355514526,-3.0143802165985107,-103.98198699951172,-13.299614906311035,354.7727355957031,23.0,0.0,-1.0,-1.0,0.0
521,521.0,1.676998496055603,3.124112606048584,-137.42015075683594,2.4023656845092773,354.7727966308594,23.0,0.0,-1.0,-1.0,0.0
522,522.0,1.7113503217697144,-3.0728838443756104,-132.1688690185547,-9.095474243164062,354.7727966308594,23.0,0.0,-1.0,-1.0,0.0
523,523.0,1.8006064891815186,-3.091864824295044,-120.67607116699219,-6.005914688110352,355.7172546386719,24.0,0.0,-1.0,-1.0,0.0
524,524.0,1.8232802152633667,3.134129762649536,-117.96666717529297,0.880379855632782,355.7172546386719,24.0,0.0,-1.0,-1.0,0.0
525,525.0,1.8346117734909058,3.1106748580932617,-116.51505279541016,3.603549003601074,355.7172546386719,24.0,0.0,-1.0,-1.0,0.0
526,526.0,1.84347665309906,-3.125990629196167,-115.47479248046875,-1.801774501800537,355.7172546386719,24.0,0.0,-1.0,-1.0,0.0
527,527.0,1.8504729270935059,3.1318421363830566,-114.6373062133789,1.1177988052368164,355.7172546386719,24.0,0.0,-1.0,-1.0,0.0
528,528.0,2.018864154815674,3.0280473232269287,-95.55995178222656,10.897249221801758,355.7172546386719,24.0,0.0,-1.0,-1.0,0.0
529,529.0,1.8772634267807007,3.081509828567505,-111.26377868652344,6.693108081817627,355.7172546386719,24.0,0.0,-1.0,-1.0,0.0
530,530.0,1.9345407485961914,1.5478137731552124,2.4126627445220947,104.95976257324219,355.7172546386719,24.0,1.0,-1.0,-1.0,0.0
531,531.0,1.8987202644348145,1.4937785863876343,8.38578987121582,108.66586303710938,355.7172546386719,24.0,1.0,-1.0,-1.0,0.0
532,532.0,1.900408148765564,1.4585509300231934,12.186311721801758,108.11209106445312,355.7172546386719,24.0,1.0,-1.0,-1.0,0.0
533,533.0,1.8526805639266968,1.4544570446014404,13.276562690734863,113.60401153564453,355.7172546386719,24.0,1.0,-1.0,-1.0,0.0
534,534.0,1.880674123764038,1.4320837259292603,15.357071876525879,110.0004653930664,355.7172546386719,24.0,1.0,-1.0,-1.0,0.0
535,535.0,1.9052563905715942,1.4187297821044922,16.39732551574707,106.99750518798828,355.7172546386719,24.0,1.0,-1.0,-1.0,0.0
536,536.0,1.7835557460784912,-3.082270622253418,-122.80658721923828,-7.293700218200684,355.7172546386719,24.0,0.0,-1.0,-1.0,0.0
537,537.0,1.8052315711975098,-3.0458197593688965,-119.68582153320312,-11.49783992767334,355.7172546386719,24.0,0.0,-1.0,-1.0,0.0
538,538.0,1.7909737825393677,3.1415927410125732,-122.75658416748047,0.0,357.7427673339844,25.0,0.0,-1.0,-1.0,0.0
539,539.0,1.7987388372421265,3.1169259548187256,-121.7163314819336,3.002957820892334,357.7427673339844,25.0,0.0,-1.0,-1.0,0.0
540,540.0,1.8212770223617554,3.138338804244995,-118.8917465209961,0.3868698179721832,357.7427673339844,25.0,0.0,-1.0,-1.0,0.0
541,541.0,1.8305178880691528,3.0854525566101074,-117.55530548095703,6.606505870819092,357.7427673339844,25.0,0.0,-1.0,-1.0,0.0
542,542.0,1.8748823404312134,3.120213747024536,-112.35403442382812,2.4023656845092773,357.7427673339844,25.0,0.0,-1.0,-1.0,0.0
543,543.0,1.8929475545883179,3.1415927410125732,-110.27351379394531,0.0,357.7427673339844,25.0,0.0,-1.0,-1.0,0.0
544,544.0,1.954852819442749,1.3803540468215942,19.568092346191406,101.50558471679688,357.7427673339844,25.0,1.0,-1.0,-1.0,0.0
545,545.0,1.9167050123214722,1.4910222291946411,8.572093963623047,107.22659301757812,357.7427673339844,25.0,1.0,-1.0,-1.0,0.0
546,546.0,1.8877977132797241,1.4944566488265991,8.455517768859863,110.5466079711914,357.7427673339844,25.0,1.0,-1.0,-1.0,0.0
547,547.0,1.9313422441482544,1.4456177949905396,13.226564407348633,105.109130859375,357.7427673339844,25.0,1.0,-1.0,-1.0,0.0
548,548.0,1.8863110542297363,1.5176854133605957,5.894777774810791,110.8856430053711,357.7427673339844,25.0,1.0,-1.0,-1.0,0.0
549,549.0,1.812237024307251,3.065743923187256,-119.68582153320312,9.095475196838379,357.7427673339844,25.0,0.0,-1.0,-1.0,0.0
550,550.0,1.812237024307251,-3.065743923187256,-119.68582153320312,-9.095474243164062,357.7427673339844,25.0,0.0,-1.0,-1.0,0.0
551,551.0,1.7775814533233643,3.1415927410125732,-124.83708953857422,0.0,358.687255859375,26.0,0.0,-1.0,-1.0,0.0
552,552.0,1.7768824100494385,3.103123664855957,-124.83708953857422,4.804731369018555,358.687255859375,26.0,0.0,-1.0,-1.0,0.0
553,553.0,1.8345202207565308,-3.1405320167541504,-117.55531311035156,-0.12469431012868881,358.687255859375,26.0,0.0,-1.0,-1.0,0.0
554,554.0,1.8504623174667358,-3.0948171615600586,-115.47479248046875,-5.405323505401611,358.687255859375,26.0,0.0,-1.0,-1.0,0.0
555,555.0,1.8513880968093872,-3.125990629196167,-115.47479248046875,-1.801774501800537,358.687255859375,26.0,0.0,-1.0,-1.0,0.0
556,556.0,1.9320605993270874,1.395334005355835,18.5278377532959,104.508544921875,358.687255859375,26.0,1.0,-1.0,-1.0,0.0
557,557.0,1.960986614227295,1.3693318367004395,20.608348846435547,100.90498352050781,358.687255859375,26.0,1.0,-1.0,-1.0,0.0
558,558.0,2.0055630207061768,1.4678386449813843,10.10579776763916,97.80783081054688,358.687255859375,26.0,1.0,-1.0,-1.0,0.0
559,559.0,1.8997608423233032,1.4786102771759033,10.105802536010742,109.31327056884766,358.687255859375,26.0,1.0,-1.0,-1.0,0.0
560,560.0,1.8826433420181274,1.470452070236206,11.196051597595215,111.20164489746094,358.687255859375,26.0,1.0,-1.0,-1.0,0.0
561,561.0,1.8909262418746948,1.4506818056106567,13.276562690734863,110.0004653930664,358.687255859375,26.0,1.0,-1.0,-1.0,0.0
562,562.0,1.6937464475631714,3.1019790172576904,-136.3798828125,5.405323505401611,358.687255859375,26.0,0.0,-1.0,-1.0,0.0
563,563.0,1.7991489171981812,3.0768518447875977,-121.76631927490234,7.894291877746582,358.687255859375,26.0,0.0,-1.0,-1.0,0.0
564,564.0,1.7828575372695923,3.1319708824157715,-124.83708953857422,1.2011828422546387,360.7127685546875,27.0,0.0,-1.0,-1.0,0.0
565,565.0,1.8090990781784058,3.1027517318725586,-121.337158203125,4.715225696563721,360.7127685546875,27.0,0.0,-1.0,-1.0,0.0
566,566.0,1.8173961639404297,3.1363182067871094,-120.36911010742188,0.6348838210105896,360.7127685546875,27.0,0.0,-1.0,-1.0,0.0
567,567.0,1.8362468481063843,3.118182897567749,-117.97229766845703,2.762206554412842,360.7127685546875,27.0,0.0,-1.0,-1.0,0.0
568,568.0,1.8917505741119385,-3.1254076957702637,-111.31378936767578,-1.801774501800537,360.7127685546875,27.0,0.0,-1.0,-1.0,0.0
569,569.0,1.8615988492965698,3.0466108322143555,-114.38453674316406,10.897249221801758,360.7127685546875,27.0,0.0,-1.0,-1.0,0.0
570,570.0,1.9949157238006592,1.4381178617477417,13.2265625,99.10321807861328,360.7127685546875,27.0,1.0,-1.0,-1.0,0.0
571,571.0,2.04292631149292,1.640633463859558,-6.638279914855957,94.89907836914062,360.7127685546875,27.0,1.0,-1.0,-1.0,0.0
572,572.0,1.8343122005462646,1.4848027229309082,10.155797004699707,117.80815887451172,360.7127685546875,27.0,1.0,-1.0,-1.0,0.0
573,573.0,1.8751975297927856,1.546304702758789,2.7740132808685303,113.24129486083984,360.7127685546875,27.0,1.0,-1.0,-1.0,0.0
574,574.0,1.8358396291732788,-3.054262638092041,-117.60530853271484,-10.29665756225586,360.7127685546875,27.0,0.0,-1.0,-1.0,0.0
575,575.0,1.8587254285812378,-3.105201244354248,-115.47479248046875,-4.2041401863098145,361.6572570800781,28.0,0.0,-1.0,-1.0,0.0
576,576.0,1.8677704334259033,-3.1206023693084717,-114.43453979492188,-2.4023656845092773,361.6572570800781,28.0,0.0,-1.0,-1.0,0.0
577,577.0,1.885433554649353,-3.130902051925659,-112.35403442382812,-1.2011828422546387,361.6572570800781,28.0,0.0,-1.0,-1.0,0.0
578,578.0,1.874802827835083,3.0720560550689697,-113.34428405761719,7.894291877746582,361.6572570800781,28.0,0.0,-1.0,-1.0,0.0
579,579.0,1.9380773305892944,1.5442386865615845,2.8240160942077637,106.31031799316406,361.6572570800781,28.0,1.0,-1.0,-1.0,0.0
580,580.0,1.9387736320495605,1.522139072418213,5.168794631958008,106.1448974609375,361.6572570800781,28.0,1.0,-1.0,-1.0,0.0
581,581.0,1.881943941116333,1.4898762702941895,9.1155424118042,112.40283203125,361.6572570800781,28.0,1.0,-1.0,-1.0,0.0
582,582.0,1.895784854888916,1.4227311611175537,16.397327423095703,109.93353271484375,361.6572570800781,28.0,1.0,-1.0,-1.0,0.0
583,583.0,1.7915245294570923,3.087601661682129,-123.84683990478516,6.693108081817627,361.6572570800781,28.0,0.0,-1.0,-1.0,0.0
584,584.0,1.890527606010437,1.4633440971374512,12.186309814453125,112.97456359863281,367.6990051269531,29.0,1.0,-1.0,-1.0,0.0
585,585.0,2.06884765625,1.4103436470031738,15.307074546813965,94.57918548583984,373.1490173339844,30.0,1.0,-1.0,-1.0,0.0
586,586.0,1.8965054750442505,-3.0886542797088623,-114.43453979492188,-6.0636491775512695,373.1490173339844,30.0,0.0,-1.0,-1.0,0.0
587,587.0,1.8247990608215332,-3.0938901901245117,-127.01759338378906,-6.0636491775512695,384.0489807128906,32.0,0.0,-1.0,-1.0,0.0
